date,country,temperature_celsius,pressure_mb,feels_like_celsius,gust_kph,humidity,air_quality_Carbon_Monoxide,air_quality_Ozone,air_quality_PM10,air_quality_us-epa-index,air_quality_gb-defra-index
2024-07-23,Afghanistan,-1.9139206821337817,1.9163640133548343,1.69866507565409,-3.426242089352485,-5.014899227114862,1.0481362233506164,-2.974033686303596,-9.188442070069806,5,5
2024-07-23,Kenya,0.3615127424718627,0.3644921062919856,-0.04088142460895381,-0.2376015977702516,-0.3182936453489288,0.7670532112227803,-5.579885067160652,0.3736941079549315,3,8
2024-07-23,Kuwait,-8.811222859473123,-0.3170333479244624,-3.6692745218657215,1.533297801391752,-0.40101744055805433,0.48074868646802815,0.4962532449082726,0.07627690766816132,4,3
2024-07-23,Thailand,7.481359033400139,2.466449712799827,-2.6748893404270926,0.0969742384171413,-0.39662556507815666,2.082518406118367,2.005542434019782,-2.372927489167918,5,3
2024-07-23,Malawi,-4.133708100260207,-0.3889214279407774,0.14438602542122525,2.791612639372788,0.23780865425935843,0.8528842646315575,-5.613675938268279,-0.6116462811471254,2,5
2024-07-23,Mali,0.8882121570074872,1.0344187287799016,3.369413837747325,-2.127707824654953,4.290171615974196,0.27527706719219686,5.594577997295495,7.381785625119434,2,6
2024-07-23,Malta,-0.20609917098832087,-0.26786867459730057,-0.041657285134864386,0.6030348866492569,-0.02148620173770184,1.4247437541566517,-2.6190540212670115,-2.2813964727824776,2,10
2024-07-23,Mauritania,-1.3154004779775548,-3.4644872772347552,5.411514288404958,-1.6779612027925874,-0.888215659328838,0.7495034417364033,-1.0059565071979077,1.7482393011070005,4,3
2024-07-23,Mauritius,-1.0962417719692663,1.4706743697031461,-0.5443901307061232,2.8659983592703204,-0.9984025008522902,3.608293269983491,-1.195624264267927,-0.8074930492056749,5,7
2024-07-23,Mozambique,-0.4613451672727377,2.599161377118903,-0.14799086065220857,-0.9143680235042478,1.6387338207256947,-1.3241484225168174,3.288432589962174,-8.272046711948592,3,7
2024-07-23,Myanmar,-1.1813078914772226,-0.761866891428918,1.0519531871711822,2.369813351049409,-1.3601251225040625,-1.2030422978366684,-2.8959928208695103,0.38847704976554936,5,3
2024-07-23,Turkey,-0.16017962991327028,-5.6168365870408765,-1.019172785799288,-2.3769750048568925,0.673145929345321,-1.2147759961527451,-3.8654300260948693,-2.2811963250655176,1,6
2024-07-23,Jordan,-1.7827741534058377,1.859237220273628,-7.8964791583944605,-1.9125497114882406,-1.8026516971849256,-0.6218297890002504,-0.990356135503675,-0.47878359496277256,3,2
2024-07-23,Oman,0.6307900527928736,1.5417537046617493,0.2662145612420226,-1.1886124101056912,5.037617975886297,2.8543021867551377,-5.756945355343053,1.251780424102498,3,4
2024-07-23,Russia,-2.73026764731092,-0.28624607700509047,-0.3109513754378389,-2.7154820943229576,-3.3987960190383513,0.4337710266322165,-1.582446014175324,0.21316403797599165,4,7
2024-07-23,Senegal,1.8661403893464275,1.2669358209458899,9.073867781013504,1.0317691685275168,0.49984937997912193,0.32105200335659956,2.2393020080270696,2.6869996859310263,4,1
2024-07-23,Slovenia,-0.8078278986004113,1.0019505682514567,-0.3939371323525798,-2.789360519948741,0.19277258052493426,-0.7547409795602653,3.812078148541078,-1.0468238003060166,5,8
2024-07-23,South Africa,-0.5450113695729094,-1.1373000795708963,-3.01614364033561,1.4168461014986178,2.206744588796801,1.2887030962595616,0.19956640621390348,-0.7773129464859756,5,6
2024-07-23,Sudan,1.2339997482570666,0.5719899636778991,1.452338784376273,1.0200376967278557,7.460683175531064,0.3861947009328733,2.736715590916817,-4.586283275578549,1,7
2024-07-23,Tanzania,-0.7033663252944856,0.07352696638693337,0.45773744050355514,5.183032146088439,-3.2301536773651525,0.0824921913449381,1.1309865201425953,2.0171178816218847,4,2
2024-07-23,Vietnam,3.4080164455862554,-1.9185207852823678,0.8057779555079294,5.65742957111477,-3.7305625003426672,2.3920085412301892,-1.0705598722442462,3.7207540409141036,5,6
2024-07-23,Ukraine,-0.48355366722995685,-0.31804987765434184,-1.3711897541552835,4.57400025534094,1.3929525752038878,0.8328310804083825,3.286740288263101,-0.8139938250832799,1,10
2024-07-23,United Arab Emirates,0.14614580449319864,6.423847871682443,0.811540611708562,1.6187631498226578,-4.116412637128329,0.27751402608083386,1.5230216589157448,-0.45773922682188556,2,10
2024-07-23,Uzbekistan,-10.147095088126337,-0.44336860330362965,0.8588812951235518,7.1575265806795345,2.6348641318983432,3.5708041851178054,-2.34096260439478,-1.9361922455414835,6,8
2024-07-23,Zambia,0.5749399523976638,-0.9161997811904419,-2.0724256610515512,-1.61993399059025,1.3676377451476234,-0.2074096188303597,-2.9495092443950908,-2.898135822636471,1,5
2024-07-23,Poland,2.2159748909707897,-1.8426807453669565,0.18286492834054685,1.854696435582087,-2.596422704572592,-0.3395536826220424,-1.0353500317993598,-1.1994700876901043,6,7
2024-07-23,Iraq,0.2602670606381396,1.415195458619573,0.7552508501215076,0.5412176493933621,8.477050964154891,-2.0016527450620134,-1.0604538939749177,0.8338811797100898,4,1
2024-07-23,Nigeria,2.3629792457288303,1.3912719564950724,2.424690131566753,11.390473398821527,1.662220915633694,2.9234767572835385,5.9123510637817365,-1.5186556619678964,2,8
2024-07-23,Indonesia,0.1382171127312759,-0.2641875192146307,-2.954723566073215,0.8281487473572685,0.2518933599087808,2.3915248713329476,0.8232455237478793,-0.9255294710286109,5,7
2024-07-23,Iran,-1.1138717833333696,0.015831714022294496,2.110266925893038,-0.1419291019793926,2.209922784494641,-0.96043025067388,-0.12099946815361916,-0.29836936002758807,2,10
2024-07-23,Albania,0.5853333457578361,0.10154030756655505,-2.53741643484306,-0.9462716019095028,-3.601352691539033,-0.22263285883263478,4.327978538119584,-1.0979070362429098,2,9
2024-07-23,Andorra,4.815505832676834,0.42682574704589715,0.8616838301324089,1.4993085068814207,-4.121888312299493,-0.8746892699132675,-1.2309015716637755,-0.41958753882242206,2,5
2024-07-23,Angola,1.0363658203942014,2.1150581748292536,-1.1567073921709188,-0.8549704683608844,1.7574589899822244,1.5621334788856884,-0.874987184137789,3.625398774147303,6,8
2024-07-23,Armenia,0.7463518444769522,-9.118775760203356,-0.7337645438502232,-3.532774095277572,-2.5087120745278804,0.15811869988721433,-0.6104321606850355,3.8841099101374104,1,1
2024-07-23,Bahrain,-1.4847671187012232,-2.340476452154502,-2.11872310039977,-1.1267145659856137,-2.576290328962711,5.690587495086543,-3.990928080611188,-1.5637907651414449,2,9
2024-07-23,Belarus,-0.4532892160887164,2.017488504383795,0.03679234270310319,-0.16914004067102714,-0.5290437071237488,-0.7911162876947584,1.6689806835793006,-1.1347748088830703,3,1
2024-07-23,Bosnia and Herzegovina,8.087244119521783,1.8963575319807677,0.16256679830729315,5.671410332889899,-6.181098930536964,3.0973605246249485,-2.083885727910581,0.4285844636990263,6,1
2024-07-23,Burundi,0.8440839471695828,0.9298296275015524,0.6775310724507337,-0.47377450333837134,0.5087733279749931,0.2847447213687657,3.390427441117965,1.6673297456106253,1,1
2024-07-23,Madagascar,0.3580007259924567,2.8757436723419505,-1.1613564461278567,-2.98524434843361,-0.4279785645943236,-3.232981467932574,3.2474213621417034,-2.566977033871784,1,2
2024-07-23,Cape Verde,-1.2701916816314984,2.2018848602077252,0.4423409170016295,-3.9050949791438145,0.07323555100582962,-1.4218172332326144,-0.9890477397835337,0.738777567138526,4,10
2024-07-23,Chad,2.049493017058792,0.723523196348377,-0.1473849277672417,-0.18080968390724814,5.285678736792909,-2.8939457731361227,11.995755161304812,0.3424356732337554,5,3
2024-07-23,Botswana,-2.421448258717209,0.2032722408159855,-7.593134482660437,0.7700335163835603,-1.440503190472665,0.34660533390348136,0.16559821861787294,-1.1753039166037085,6,6
2024-07-23,Hungary,1.4247280596777767,-6.75102160299401,-1.3093810854112473,0.36611102743019874,-3.0594428858107974,-0.22952651178609848,-3.331740734624406,-4.672158970647351,1,10
2024-07-23,Iceland,-1.3845366140008633,1.1624864498853118,-0.47591767081449343,3.258697217458023,3.5714708765052245,-0.0037252801331886243,1.2915408714680687,0.9298267273969268,1,1
2024-07-23,Bulgaria,-0.06623406835151438,0.11889544907061533,-2.6099831589926508,-7.735440248436408,-1.8530798856523227,0.6674511398870105,1.1314561139653416,-5.188456781057589,6,5
2024-07-23,Vatican City,10.698072677209142,2.70689394254932,-4.234925261281885,3.3974316169917085,0.9444127271614935,0.8001139077969182,-2.556989504708422,-2.280701826243554,2,1
2024-07-23,Guinea-Bissau,-0.9339316379519647,-0.16604245145309027,0.6637530261811502,-4.451008855875688,0.1816574051337439,1.6427122474799614,-5.225782899623598,0.30433459223167386,2,1
2024-07-23,Ghana,-6.269852192353414,-0.6566212410082345,0.958268568496995,-3.983402825177963,0.5101584313707916,2.544949713838625,-7.153391042928948,0.11617699222775851,4,1
2024-07-23,Guinea,0.5621641037582783,-1.2578792895751592,-0.40543545493100663,-1.0547230761918436,1.3702124398803819,-1.7297211796231076,2.732866017452262,-0.320530598524868,6,1
2024-07-23,France,-4.293133719572796,1.3944701990663344,-0.18618067189299142,-0.6321550753208859,1.672567924692633,1.932533632815238,1.1198015218781008,0.3899552491774304,3,4
2024-07-23,Finland,-1.9945208371192078,-0.36458666505440407,-0.7487267259950453,0.8242089361197626,2.1672402898672773,-1.3294802936225478,0.22253141961474987,-0.5220884272327598,1,8
2024-07-23,Eritrea,-0.34306385451455207,3.203658213376434,5.814626219219592,-5.469178043980029,-0.2672572864326401,2.95498140256055,-1.2498225219387828,-3.4979875221150567,5,8
2024-07-23,Equatorial Guinea,0.9529997097476891,0.498914427475889,-2.5633385132928765,0.1702577714736842,2.5937603514325547,-2.9299004913684796,1.9237092360994268,3.68780878475684,5,6
2024-07-23,Germany,-0.43753715407476074,-0.6640092261485074,0.29058694883239566,0.8520286866578125,-0.10313232667194205,0.17524936566853516,0.077807500224945,0.8296477143080633,1,9
2024-07-23,Mauritania,0.18057343574736281,0.001278702435682351,0.6530969900907558,-0.7683911404950017,-0.9014501015874616,1.7703205894863039,2.5813957381895802,-1.36340449251569,1,4
2024-07-23,Myanmar,2.3047451109603783,0.8883846718129931,0.3568253206434689,-3.8064907113199067,3.0895150893403014,-2.0209022621194612,5.2242574980967005,-0.32001472195786007,6,6
2024-07-23,Mozambique,0.11000153130499685,-1.826155304788249,0.035452428047981537,-2.375809948677421,0.6693902847261455,-0.15681898257875154,0.9445467427964992,0.41633573996000395,6,2
2024-07-23,Mauritius,-0.12341222259660457,0.701019666469835,3.091055218632628,-1.7474375835148042,0.8848329010016507,5.3002555875801765,-3.097208589050727,-0.4605403068929649,1,9
2024-07-23,Malta,1.0623244796245794,-1.7949602105969138,-0.653020637090815,-0.01349185570749456,0.2350283460375207,2.607952347164047,-1.3397343120075635,-6.327640470710546,6,6
2024-07-23,Kenya,2.4473186666132505,-3.0242766814125135,-0.596082414798945,-0.0034881012033060044,-6.400695308233423,1.876840847215797,2.4379984868958653,-0.5523816531410761,5,8
2024-07-23,Malawi,5.109601440623966,0.5782246494423959,0.03646639131279171,0.7786880950520777,2.1421939767893172,2.0582334306723804,-0.6174362305724513,-1.6761341585067828,4,6
2024-07-23,Thailand,1.424907395807783,-1.3909893017629757,-1.0931740121551023,-3.1637701125639723,2.5389877752451198,-2.1776341907346213,-1.6707573183959592,-0.08466004997232188,5,1
2024-07-23,Kuwait,-6.973119380108674,-6.427477675800859,0.4854005017440687,-1.4480938762357956,-1.648650058597046,-2.227177865783947,13.488560271255968,2.0232459934327025,3,8
2024-07-23,Turkey,0.5288171183462033,0.8937399431908324,0.14080834898386946,-0.5351172479103995,-2.129839744318764,-1.557591279988419,1.7138621428331828,-2.096551782152605,4,7
2024-07-23,Mali,1.1033273738124296,-1.1905624639877586,1.0789974200130144,2.1643116219672986,0.8132580096364153,-6.546135012700003,3.1233984927079144,3.3960974443518666,1,3
2024-07-23,Nigeria,3.2578670578177604,2.006281210324691,0.045830892567715616,0.5290828278034518,0.005420263655092489,0.8213479478818179,2.5354618266222237,-0.03694618746852049,6,1
2024-07-23,Zambia,2.59600875413976,2.344262529617072,2.1606728518201566,2.1597592694943852,-0.25653909374672446,3.531114216639423,0.18556093174376442,-5.511584732173216,1,4
2024-07-23,Poland,0.6802172472146462,2.402805775111041,-5.256022921696261,1.5985794863911063,-5.619248014690724,1.5415207337132315,10.189219849678263,2.2571178984489193,2,4
2024-07-23,Russia,-1.5439217730732673,1.7429351415378107,4.049147329462997,0.9446961301068642,3.3308148697048217,-3.8748905651574423,-1.4334308878462976,1.6934372411291143,3,2
2024-07-23,Senegal,0.6649234488053152,0.7435036670715632,1.247417234591458,-2.9260560642002504,-2.267367647451592,2.2192783697819793,-1.7660357964187934,-1.538530251526901,1,1
2024-07-23,Slovenia,-0.879632695201459,4.090104644048554,2.1150359431362307,-7.502140003120408,-4.420901261286673,-0.3771153391028347,4.948370293545833,-5.607861995419959,1,1
2024-07-23,South Africa,-2.9252213452208804,0.6021032910660409,1.0353983190215266,0.8081207177633117,-2.583510866653925,-1.0265059206853984,0.2120304952464281,2.0966905978331107,1,5
2024-07-23,Sudan,0.1887110481382521,1.370883488589146,-0.4772410005388087,1.8776153693598425,-1.1021170048328623,-3.407118898710176,2.248350554681565,-2.278888649006456,1,8
2024-07-23,Tanzania,1.9032382913385335,0.655625181270142,-3.015001250750703,-0.6108324841092139,-4.048096003319444,-0.3525566313238346,2.2816252059508577,-0.9362366960762298,3,9
2024-07-23,Vietnam,7.089209802872229,5.311247651605488,0.17467106999055626,0.577737736453543,-0.7017125438864693,-2.5369265126579967,0.28131129911016994,2.9932775408822447,6,5
2024-07-23,Ukraine,-0.7048381767949339,-1.7674472920048694,-0.934270323732679,-2.0790690384513297,0.4768419875994858,0.03041039297944853,-0.25966475238415676,0.9249721437851067,1,1
2024-07-23,United Arab Emirates,-0.36626999273522926,3.038177986252724,0.845017221791958,6.94249220776988,-1.119817041861323,-1.0770421449107825,-4.5937793265302584,-1.0234259605936253,2,2
2024-07-23,Uzbekistan,2.9607241139707963,-1.4006945105860835,-0.10369674590826844,-1.6316660363540103,6.756490220258153,-2.4270119690490284,-1.013601591597275,2.683325145956826,6,1
2024-07-23,Jordan,0.7745883302329984,-0.32121522995406027,-0.8158343782234474,-4.224978243064266,1.1059570784061705,-2.879903181565417,0.25058237022676466,-3.866274629939488,4,8
2024-07-23,Oman,-1.3175712617629158,3.6908266288502336,-4.730393537033789,0.7653638763164488,-2.040191727476489,-1.2893011475014582,-1.5475314390429962,-9.327094387082097,3,9
2024-07-23,Iraq,1.0119190173974273,-2.3863770838784624,4.762096883070718,0.8036948943683522,0.3570948521289759,1.152952769202878,-5.021918952355271,1.6674869102156424,5,6
2024-07-23,Iran,0.47459645310642795,5.06898052512073,1.4817912485649922,-0.08687909211880972,2.7648679919763275,1.2026673861134336,8.443425136677293,-0.20273478144517423,6,8
2024-07-23,Indonesia,1.2637296694928757,-3.1375037581428242,7.314255601698011,-1.1087417718315833,-4.165189328204232,0.12014258954771356,-0.3023677295047611,0.950464701152314,3,6
2024-07-23,Albania,1.83196828878393,7.644330291828084,-0.8169596136113382,-1.2889244238032604,-5.955043697323799,-0.1477982178435016,-0.25076136789230985,2.6800247266472406,1,9
2024-07-23,Andorra,-1.3434456491481006,3.2739452466139594,0.41265270140875043,-0.16839397716317311,6.14540495384738,0.06498244216351345,-0.06601043972902436,-3.17589959218893,1,10
2024-07-23,Angola,0.9562539908788111,-3.0679679374443225,-0.6977816682693266,0.5720577513752615,-3.7137109010080507,1.4321297694252095,-0.6711712725787267,10.075225566796776,2,10
2024-07-23,Armenia,-1.2146853899232204,0.055816876700933715,-1.0135440829692937,-0.7691425551182679,-5.047502617264234,-1.4428949012588255,0.5034825141839105,-2.59896185200942,1,5
2024-07-23,Bahrain,-2.5761409385296092,-0.6373627741837637,0.9372428023052699,-0.3604488983949059,2.4577847830451884,-2.242203342000236,-7.080980711938234,-2.395057008115204,2,3
2024-07-23,Belarus,1.5179700008856338,0.6941840941630127,-0.19252346774362122,3.6943249761863504,0.38606605507778247,7.509243603790552,-0.7748744294349378,1.351104816794742,6,1
2024-07-23,Bosnia and Herzegovina,-1.4739364578132528,0.16340938817575218,4.511422094710309,4.40893806724418,-1.640727488880872,2.6408869867861324,-0.9877027374770753,-2.1458388948340947,5,9
2024-07-23,Botswana,2.384256125806656,-3.14545883832432,-2.8298003380158385,0.26401189592374436,-1.3905636702019692,2.2618131711665797,-1.3701179761183278,1.057891442144331,6,6
2024-07-23,Bulgaria,2.273932457920472,-1.615207917991427,-3.598874239642106,0.31269911896436164,-0.1581507349269358,-2.324887991334548,0.05316004382776804,0.7941913793655846,1,1
2024-07-23,Burundi,-1.8214000266684178,1.9262808178308684,-0.7077085879473076,0.91088502624971,1.2698515746760308,-0.9530117129098118,-1.8849336130670213,3.2928945979209066,3,10
2024-07-23,Madagascar,-0.8591093460676402,-2.1767253602543386,2.3066342788077736,-0.5951813894862271,-0.8162963773888178,0.33416394868832955,1.5194488073193966,1.2619415464198762,5,2
2024-07-23,Cape Verde,-1.2096911307416334,0.102760193155731,0.5980313018797229,0.4055569510306596,3.53449943653964,3.2627898536382665,-0.4960620511000604,-4.33621183835593,5,2
2024-07-23,Afghanistan,-0.26147655939018677,-5.961213819277987,-1.6087988623126737,-5.371602928836232,0.383363364436746,-7.6475608317136645,2.126698214173531,0.31169161522818795,5,4
2024-07-23,Equatorial Guinea,2.7769321512997354,-2.4421872985042414,-0.564748917266265,0.19099765568240049,5.848993667854253,1.3035720950119427,5.984202113006296,-4.994136447198588,4,7
2024-07-23,Eritrea,4.029849333151895,7.9218418546046045,0.7599690304155098,-0.33916719290586694,-0.45491857766896543,-1.3465674065986573,6.639874825645664,-6.136379259426149,2,2
2024-07-23,Finland,0.12036122899280037,-2.546778051472624,-1.9126566943936005,-1.2011372244576866,-0.07503810258417921,-0.5071812622365823,-0.20938488719033022,-1.562129006345648,3,1
2024-07-23,France,-3.350534340725622,-4.274150886048927,-0.9216749118405794,0.5946510988207189,-2.3479809649843175,1.1927878768138012,0.7842388608720965,-0.8558405795016261,1,5
2024-07-23,Germany,0.997656032501224,5.621607574830859,-5.091194653005957,-2.0436068655856734,1.9905700827558144,-5.947155489930612,0.18273197697298682,-1.5936374893683534,1,7
2024-07-23,Ghana,2.2882502746113396,1.1225385942547137,-0.41386513750083453,-0.651099300959628,-8.222251550442747,2.4281230702122714,-0.2360391417893677,-2.024764850132541,1,7
2024-07-23,Guinea,-0.09276162022303108,-1.3266405846654448,-0.5849622374459692,0.011141594825524237,-2.722583925052809,-0.22770519922572585,-2.783290797123414,-0.7873183931137772,4,7
2024-07-23,Guinea-Bissau,-1.2472882920524753,1.5247302130004556,0.5457103379457741,5.956950320709695,-5.153577000112123,3.1324316276554174,-3.046045941751335,-5.227252325590996,1,1
2024-07-23,Vatican City,1.2957326627674606,0.5481561639901309,5.8570658614946725,-0.17065240764286427,1.3543165672395467,-6.509452535470657,0.6035849023031288,5.6016288983924465,2,10
2024-07-23,Hungary,2.5137955965818897,3.429268925535464,-6.985658223581913,-4.913959145460399,-1.9984356153384133,2.9904400397891058,0.2315133490910039,5.732590197685435,1,1
2024-07-23,Iceland,0.2912914448341207,-0.028850250554469548,-2.4635038463346803,3.299508886089347,3.327372095454011,-0.13420780441763547,-2.590796455277806,2.503332707784069,1,1
2024-07-23,Chad,-0.03219117365634261,0.42894503963063796,-0.6396285647706738,1.456907599720172,-2.513289539776002,0.1957439659012157,-2.6874352480341144,-0.5908955793758096,3,9
2024-07-23,Mozambique,3.4132312592089664,1.0994356250086694,1.002612425992739,0.3202504843397765,4.096503031983582,-0.35434573829406213,1.3119029984618125,0.7633480948317791,3,9
2024-07-23,Mauritius,1.6894415791189408,1.0282545370722684,-0.9154123282678418,-0.42395980264702127,-0.7634891029359937,-1.4152893684564123,-2.398592794700901,-0.6290199301729781,1,9
2024-07-23,Mauritania,-1.3926839581052817,-1.0485166281756593,-1.4932953684711612,1.7900892465414688,-2.338534028246906,0.7370307332000144,-1.0662747983487462,1.2053389657695448,2,1
2024-07-23,Malta,0.17927854201538876,-0.5100961515716002,-3.863900171885893,1.4156113953072722,1.6074803202891232,0.5798870492632971,-1.7810924349591297,6.768709894403251,3,10
2024-07-23,Jordan,2.4921825140623164,-1.2727534222583692,-0.16801345875650298,2.1157494425837435,-8.497693109835067,-0.2660902753348849,0.5303659304059222,2.0235684017310844,2,10
2024-07-23,Malawi,-1.5228731669665365,1.0343577079269914,0.12010145857740524,1.3797069827695936,-3.7051062646048285,1.965675823478914,0.5303717838114324,0.6350306135322529,1,1
2024-07-23,Thailand,-4.916036217070762,2.1578591502071562,13.698888253978234,-0.2661806930454797,4.153301619483139,-3.3797581982230955,1.1350096436168893,-0.09967886770330467,1,10
2024-07-23,Kuwait,0.7998211608602641,-1.5772498553451473,2.6663856833521904,-0.7083670897223422,0.504770377644669,-1.8370098425430506,-6.623915835635394,-0.26678733645741126,2,9
2024-07-23,Kenya,2.1279306941283784,-1.2464161290115598,-0.0923572723351583,1.0387378425179055,-0.29301477839701867,-1.4968585421037397,-0.4945326410432089,4.548489021840611,6,5
2024-07-23,Myanmar,-1.6819560818893817,7.323044608679936,-1.5232947490280764,0.5219256868856358,-1.5507187243789935,-0.5668319506990407,-0.7900267539241961,-0.6419486492739186,5,6
2024-07-23,Mali,-5.377533229877227,2.34246615446926,3.2001531844795186,2.4844436046557803,-0.8234352961182715,0.8846467343981721,-1.1058802829465808,2.4449163665396845,4,8
2024-07-23,Turkey,0.4134474940821432,-7.725245576910267,0.5645220113336852,-1.3175197630922915,-0.09832189951755785,-2.5349365404794844,4.790031945519243,4.891979946325386,6,7
2024-07-23,Slovenia,-1.0362404176660192,-0.8028391764418301,1.1075351512897884,2.2527419669752047,-1.5600076307820994,-3.3122449888765053,-1.157388655339882,-1.3886900768399977,3,4
2024-07-23,Oman,0.38189419522223367,-0.30172602788731895,0.3122833608839841,-0.248715651174698,0.020863928372690674,-0.5204333218819948,4.088039762940571,2.6686428773120037,6,3
2024-07-23,Poland,-4.902495833035368,-3.722645439511981,-6.164240229255936,-0.08122827257691516,-3.123910645637087,-0.7630338694717124,-7.5975130103076065,-6.581845386815234,1,3
2024-07-23,Russia,-0.11472574684976615,6.47193513972673,-2.243715509817178,-2.6620881559976906,4.764138359895914,-0.5776440088361572,-0.5814379062765844,1.8582811794894158,4,4
2024-07-23,Senegal,1.8366484377997048,-5.869453659164692,-0.10981226633498045,0.047778549444695395,0.5214791928052787,0.6367366860736823,1.7616888071274976,-2.9723510969081457,1,8
2024-07-23,South Africa,-2.5918415860465953,0.2549832102889784,-1.9330100432691095,-0.8856628897143125,3.946844339881119,4.615002992038756,0.7133153780521972,-0.795878751819216,6,4
2024-07-23,Sudan,-1.6135885843318976,-0.6773163404111674,-3.418619381855234,-3.187929511194839,0.8821393689544914,0.3807327536594246,-2.9589344304499368,-1.8842471609265454,5,2
2024-07-23,Tanzania,-2.3962859196985056,-0.40527350840551896,3.6599456102504155,13.981817268417506,2.5637694028036884,-3.931342729656876,-0.15981170060886324,1.7667975332826868,1,6
2024-07-23,Vietnam,0.6961986642529834,-0.7812619497483253,-4.341476613535096,1.6841431398620696,0.9436033524539249,0.26450735318322965,0.39110710062215237,2.960575125534052,1,5
2024-07-23,Ukraine,-1.5135530547189722,3.0469226077048632,9.667051712992771,-2.4851258398453706,0.18354454344374452,-4.933258234294066,-1.2559344664555998,-1.0234290114560776,1,5
2024-07-23,United Arab Emirates,-0.0005793111872605672,4.858708377175818,5.149014257238709,-2.3202403266541936,-2.3434465685385906,2.2390124134350566,-1.247235445512596,-2.2964369474598696,2,3
2024-07-23,Iraq,5.148497684884221,-1.772864077245396,-0.020950017615180783,0.8710431624124118,1.5350050568697697,0.7376847095820795,-3.058802553506154,1.3864380157019254,2,2
2024-07-23,Nigeria,-4.916970647996917,-1.4844235528574616,-9.664725706899738,1.1229226226103644,2.3326237630963074,5.060054302923697,0.2705986868111776,1.3685400641442054,4,3
2024-07-23,Iran,1.0513605806127868,1.850044919773185,8.122575500097517,0.4827935841353004,-5.984435861881632,2.0910453854693563,-1.6494492489667663,1.155979517070723,5,4
2024-07-23,Chad,-2.848415719011974,-3.5971751792028535,3.4397999946966062,1.9807199917877036,0.5635315663702682,-0.9868600700994443,2.4279168532332167,-1.1591127709779552,1,6
2024-07-23,Iceland,-1.4128076298480488,2.5249642383493613,-2.1736572838507646,-1.0300626727916022,2.6752815734278466,-2.7013179890340555,-2.0062297598548606,-1.2500645428124493,3,1
2024-07-23,Afghanistan,-8.484104725958037,0.8288037045909178,8.069310668592722,3.7650468552009917,-3.4434930641324883,-1.7574702765459893,2.834711622436099,1.1193562589713388,1,9
2024-07-23,Albania,2.6708333862056564,-3.5804129651744065,2.7106485695656546,0.5297937505171721,-0.15153638293054017,-1.0182393492264545,-1.5193941453048334,-3.7609890690757286,5,3
2024-07-23,Andorra,9.818803296308346,-0.5042660004659225,-2.021782433746924,2.2516411416082094,-1.2603720748195975,-1.7608987988091511,-6.287419168717029,0.37850460738404246,1,8
2024-07-23,Angola,1.122603312495991,-3.7142479426688064,1.2385246944600996,1.42543605838248,1.5114955247497441,-1.665800892882665,1.0364298280171438,-6.33599128814569,3,9
2024-07-23,Armenia,1.8381007814849881,-0.13055085841546787,-1.6291369838925647,0.27737815266484306,0.915254565851537,-0.3458642943562903,0.3528418390197257,0.408725967336953,4,10
2024-07-23,Bahrain,-3.0585391515836653,2.8477153643110222,3.536080914024533,0.876168356926404,-1.4211164786909147,-1.2387807211441424,5.460410084845439,0.09805034435064805,5,8
2024-07-23,Belarus,0.9645537288094671,2.3303992656831496,-3.215561796253183,-4.822243716851364,-1.3380856664998562,-1.6461137808757966,-3.24651738693523,2.2208124287630704,1,2
2024-07-23,Bosnia and Herzegovina,-0.410747364137455,-3.9782361336656096,-0.1445494950463136,1.05954553142162,-1.3553340435529144,-0.6554043682717325,-4.243267211947402,-1.2751178838713007,6,3
2024-07-23,Botswana,3.3767449609122586,-3.4335104505817813,0.20560823805539424,-0.8255133298325051,-1.0476382717869852,1.3428895349686174,0.14972619727872008,1.9655453480894483,1,6
2024-07-23,Bulgaria,0.5429849572198095,-0.836800459868005,2.5750143549463713,-0.278722312768979,-0.5067327916200794,0.21679407287138072,5.044299681223142,-1.3355465813926821,5,1
2024-07-23,Burundi,-4.7657526492733675,8.572772254757378,1.2920304410726884,0.23958317905025883,-1.2968806961444739,2.0145207742425586,0.46660302736351367,-5.235083393971774,3,8
2024-07-23,Indonesia,4.96569333860299,-0.7840436768976856,0.5384570710127805,-0.7786454004543796,-3.2555125062588828,0.12007809285674936,-2.6483073529147427,-1.7405426928570837,4,9
2024-07-23,Madagascar,0.8610946387236769,0.7160190610513951,1.6103487249862016,1.1284685670037107,-2.731157494436424,-2.4835949721232122,2.894326268268419,-0.7903826325615955,1,7
2024-07-23,Uzbekistan,4.000857625746859,0.4752001284624546,-1.9757112329992281,0.815397571222796,-4.174881109051134,1.7805428707477593,0.47787730558994024,-0.7298719455756281,3,1
2024-07-23,Equatorial Guinea,-5.6485745378083285,-2.0463742131747167,0.9069534775634392,1.0589163093413883,-6.958033840369259,-5.944574615000156,-0.9786619153350136,1.0075949643415538,3,6
2024-07-23,Eritrea,-3.74928404215476,-2.5577015119503135,6.028624966644182,-2.6535680893379174,0.4086026401234317,-1.1846359543521428,-0.9812413665477078,5.592473856072231,3,2
2024-07-23,Finland,1.043512316258914,2.9917791823660744,-2.5128094916998176,-0.2737227027663711,-0.4178135791088162,-5.234214827618611,-0.06363791055968018,3.5441874890658944,2,1
2024-07-23,France,-0.7769556247798539,0.28295660745930507,0.2836615758994063,1.7638333875458467,1.092600604504408,0.6337833471513381,0.24254687794125585,0.7898540022548989,1,10
2024-07-23,Germany,-3.037289356825246,-0.05240327276771638,0.019538205273147813,-0.7255457898996042,-0.8566095616738407,-0.5664244076591233,-0.4423238505771374,-0.7216133667696736,1,9
2024-07-23,Ghana,1.9103800341942443,2.0315242522792625,-2.3602788760210873,2.3010578261384893,-1.4018129572194853,-3.5162885779307063,-0.9688575235837951,0.616785976129345,1,5
2024-07-23,Guinea,4.198560516176038,1.1556942085262067,-2.594021193932875,1.219275686162176,-3.034901208033009,0.45756741468134887,0.3472276866331936,4.294935031164776,2,7
2024-07-23,Guinea-Bissau,2.06848403416867,-2.6778832238895065,-0.5630739149922231,-0.2989629103995097,3.2817953315974693,-0.09370515164399512,-0.6235948060355829,-1.9727330576286695,1,7
2024-07-23,Vatican City,2.3780407293039887,-2.6409029055538973,-1.8590610202862157,0.40892479892249867,-2.1412483561577744,-1.9798956910602212,0.039120207140186214,-5.613050505352009,1,2
2024-07-23,Hungary,-4.918874001377247,-0.23298571803036086,-0.4206551917703074,11.52310387745641,-3.1650459322786766,-2.1435786806204917,-1.0186126257040597,-0.9315878024002663,1,1
2024-07-23,Cape Verde,-2.7871284352465304,1.4753872016953147,0.2031271205370941,0.6081658626465054,-3.6572909270346257,-0.6172396623654851,-2.818473751894832,5.00904371297174,3,8
2024-07-23,Zambia,3.1581197857931698,4.005643496725689,-4.124639551546578,-2.842731056360775,1.9146219173188483,2.654460157478693,-1.6416328768452013,0.31984615143815887,2,5
