temperature_celsius,pressure_mb,feels_like_celsius,gust_kph,humidity,air_quality_Carbon_Monoxide,air_quality_Ozone,air_quality_PM10,air_quality_us-epa-index_3,air_quality_us-epa-index_1,air_quality_us-epa-index_5,air_quality_us-epa-index_2,air_quality_us-epa-index_6,air_quality_us-epa-index_4,air_quality_gb-defra-index_9,air_quality_gb-defra-index_3,air_quality_gb-defra-index_7,air_quality_gb-defra-index_1,air_quality_gb-defra-index_5,air_quality_gb-defra-index_8,air_quality_gb-defra-index_4,air_quality_gb-defra-index_10,air_quality_gb-defra-index_6,air_quality_gb-defra-index_2,date,Fault Tolerance,attack_ratio,attacked_mode
-0.04034512932040203,0.10290192874462065,-0.1066736163285267,-0.13821979743395202,-0.023510773623520505,0.0620306144319491,0.01971576026054668,0.04256519731210676,0.13547319276933362,0.2550481760424436,0.03669385876111232,0.33303186078577623,0.008099841021890363,0.23165307061944385,0.0,0.20069257683205663,0.07324041677622815,0.2306813203746045,0.0,0.11447493914723149,0.05824604500495422,0.16695524034669026,0.0,0.15570946151823484,2024-12-28,0.33561936494074524,0.0,DIPA
-0.07993288874314847,0.07017979240798805,-0.0965034578262395,-0.03783481025175701,0.13225953417173494,-0.027204507859347735,-0.03168252816133582,-0.01960332317988132,0.18486285977344427,0.1614677543504445,0.01849766565433471,0.327832948469554,0.11727699966255602,0.19006177208966643,0.0,0.16532181739425753,0.0,0.2236184208558347,0.04095573000955959,0.04095573000955959,0.021523528855700535,0.13423029554808305,0.20029977947120384,0.17309469785580114,2025-01-29,0.33561936494074524,0.0,DIPA
-0.04034512932040203,0.10290192874462065,-0.1066736163285267,-0.13821979743395202,-0.023510773623520505,0.0620306144319491,0.01971576026054668,0.04256519731210676,0.1380726489274447,0.2602470883586658,0.04709168339355667,0.31223621152088754,0.010699297180001451,0.23165307061944385,0.0,0.20069257683205663,0.07324041677622815,0.2306813203746045,0.0,0.11447493914723149,0.05824604500495422,0.16695524034669026,0.0,0.15570946151823484,2024-12-28,0.33561936494074524,0.019,DIPA
-0.07993288874314847,0.07017979240798805,-0.0965034578262395,-0.03783481025175701,0.13225953417173494,-0.027204507859347735,-0.03168252816133582,-0.01960332317988132,0.21865578982888842,0.16146775435044453,0.021097121812445798,0.29404001841411,0.11987645582066711,0.1848628597734443,0.0,0.16532181739425753,0.0,0.2236184208558347,0.04095573000955959,0.04095573000955959,0.021523528855700535,0.13423029554808305,0.20029977947120384,0.17309469785580114,2025-01-29,0.33561936494074524,0.019,DIPA
-0.04034512932040203,0.10290192874462065,-0.1066736163285267,-0.13821979743395202,-0.023510773623520505,0.0620306144319491,0.01971576026054668,0.04256519731210676,0.1562688420342223,0.25244871988433254,0.041892771077334495,0.30183838688844317,0.010699297180001451,0.236851982935666,0.0,0.20069257683205663,0.07324041677622815,0.2306813203746045,0.0,0.11447493914723149,0.05824604500495422,0.16695524034669026,0.0,0.15570946151823484,2024-12-28,0.33561936494074524,0.056,DIPA
-0.07993288874314847,0.07017979240798805,-0.0965034578262395,-0.03783481025175701,0.13225953417173494,-0.027204507859347735,-0.03168252816133582,-0.01960332317988132,0.1978601405639997,0.15366938587611123,0.03669385876111232,0.2758438253073323,0.10687917503011166,0.22905361446133274,0.0,0.16532181739425753,0.0,0.2236184208558347,0.04095573000955959,0.04095573000955959,0.021523528855700535,0.13423029554808305,0.20029977947120384,0.17309469785580114,2025-01-29,0.33561936494074524,0.056,DIPA
-0.04034512932040203,0.10290192874462065,-0.1066736163285267,-0.13821979743395202,-0.023510773623520505,0.0620306144319491,0.01971576026054668,0.04256519731210676,0.12247591197877819,0.2576476322005547,0.06268842034222319,0.29144056225599885,0.049691139551667755,0.2160563336707773,0.0,0.20069257683205663,0.07324041677622815,0.2306813203746045,0.0,0.11447493914723149,0.05824604500495422,0.16695524034669026,0.0,0.15570946151823484,2024-12-28,0.33561936494074524,0.074,DIPA
-0.07993288874314847,0.07017979240798805,-0.0965034578262395,-0.03783481025175701,0.13225953417173494,-0.027204507859347735,-0.03168252816133582,-0.01960332317988132,0.19006177208966643,0.1588682981923334,0.06528787650033428,0.2576476322005547,0.10427971887200058,0.22385470214511058,0.0,0.16532181739425753,0.0,0.2236184208558347,0.04095573000955959,0.04095573000955959,0.021523528855700535,0.13423029554808305,0.20029977947120384,0.17309469785580114,2025-01-29,0.33561936494074524,0.074,DIPA
-0.04034512932040203,0.10290192874462065,-0.1066736163285267,-0.13821979743395202,-0.023510773623520505,0.0620306144319491,0.01971576026054668,0.04256519731210676,0.11727699966255603,0.24724980756811038,0.06008896418411211,0.28104273762355453,0.06008896418411211,0.23425252677755495,0.0,0.20069257683205663,0.07324041677622815,0.2306813203746045,0.0,0.11447493914723149,0.05824604500495422,0.16695524034669026,0.0,0.15570946151823484,2024-12-28,0.33561936494074524,0.111,DIPA
-0.07993288874314847,0.07017979240798805,-0.0965034578262395,-0.03783481025175701,0.13225953417173494,-0.027204507859347735,-0.03168252816133582,-0.01960332317988132,0.19266122824777754,0.1614677543504445,0.06268842034222319,0.23945143909377709,0.13287373661122254,0.21085742135455515,0.0,0.16532181739425753,0.0,0.2236184208558347,0.04095573000955959,0.04095573000955959,0.021523528855700535,0.13423029554808305,0.20029977947120384,0.17309469785580114,2025-01-29,0.33561936494074524,0.111,DIPA
-0.04034512932040203,0.10290192874462065,-0.1066736163285267,-0.13821979743395202,-0.023510773623520505,0.0620306144319491,0.01971576026054668,0.04256519731210676,0.1562688420342223,0.27324436914922123,0.05748950802600101,0.2706449129911101,0.03669385876111232,0.20565850903833297,0.0,0.20069257683205663,0.07324041677622815,0.2306813203746045,0.0,0.11447493914723149,0.05824604500495422,0.16695524034669026,0.0,0.15570946151823484,2024-12-28,0.33561936494074524,0.148,DIPA
-0.07993288874314847,0.07017979240798805,-0.0965034578262395,-0.03783481025175701,0.13225953417173494,-0.027204507859347735,-0.03168252816133582,-0.01960332317988132,0.18746231593155538,0.14587101740177796,0.08348406960711188,0.22905361446133274,0.08868298192333406,0.265446000674888,0.0,0.16532181739425753,0.0,0.2236184208558347,0.04095573000955959,0.04095573000955959,0.021523528855700535,0.13423029554808305,0.20029977947120384,0.17309469785580114,2025-01-29,0.33561936494074524,0.148,DIPA
-0.04034512932040203,0.10290192874462065,-0.1066736163285267,-0.13821979743395202,-0.023510773623520505,0.0620306144319491,0.01971576026054668,0.04256519731210676,0.14067210508555578,0.25244871988433254,0.11207808734633383,0.21085742135455515,0.02629603412866797,0.2576476322005547,0.0,0.20069257683205663,0.07324041677622815,0.2306813203746045,0.0,0.11447493914723149,0.05824604500495422,0.16695524034669026,0.0,0.15570946151823484,2024-12-28,0.33561936494074524,0.167,DIPA
-0.07993288874314847,0.07017979240798805,-0.0965034578262395,-0.03783481025175701,0.13225953417173494,-0.027204507859347735,-0.03168252816133582,-0.01960332317988132,0.19006177208966643,0.14067210508555578,0.07828515729088971,0.23425252677755493,0.12507536813688927,0.23165307061944385,0.0,0.16532181739425753,0.0,0.2236184208558347,0.04095573000955959,0.04095573000955959,0.021523528855700535,0.13423029554808305,0.20029977947120384,0.17309469785580114,2025-01-29,0.33561936494074524,0.167,DIPA
-0.04034512932040203,0.10290192874462065,-0.1066736163285267,-0.13821979743395202,-0.023510773623520505,0.0620306144319491,0.01971576026054668,0.04256519731210676,0.17706449129911103,0.265446000674888,0.09128243808144515,0.21085742135455515,0.052290595709778835,0.20305905288022186,0.0,0.20069257683205663,0.07324041677622815,0.2306813203746045,0.0,0.11447493914723149,0.05824604500495422,0.16695524034669026,0.0,0.15570946151823484,2024-12-28,0.33561936494074524,0.204,DIPA
-0.07993288874314847,0.07017979240798805,-0.0965034578262395,-0.03783481025175701,0.13225953417173494,-0.027204507859347735,-0.03168252816133582,-0.01960332317988132,0.1848628597734443,0.14327156124366688,0.0834840696071119,0.22645415830322171,0.1250753681368893,0.23685198293566603,0.0,0.16532181739425753,0.0,0.2236184208558347,0.04095573000955959,0.04095573000955959,0.021523528855700535,0.13423029554808305,0.20029977947120384,0.17309469785580114,2025-01-29,0.33561936494074524,0.204,DIPA
-0.04034512932040203,0.10290192874462065,-0.1066736163285267,-0.13821979743395202,-0.023510773623520505,0.0620306144319491,0.01971576026054668,0.04256519731210676,0.14847047355988907,0.2134568775126662,0.12247591197877819,0.22385470214511058,0.04449222723544558,0.24724980756811035,0.0,0.20069257683205663,0.07324041677622815,0.2306813203746045,0.0,0.11447493914723149,0.05824604500495422,0.16695524034669026,0.0,0.15570946151823484,2024-12-28,0.33561936494074524,0.222,DIPA
-0.07993288874314847,0.07017979240798805,-0.0965034578262395,-0.03783481025175701,0.13225953417173494,-0.027204507859347735,-0.03168252816133582,-0.01960332317988132,0.1848628597734443,0.16146775435044453,0.08608352576522298,0.2446503514099993,0.10427971887200059,0.21865578982888842,0.0,0.16532181739425753,0.0,0.2236184208558347,0.04095573000955959,0.04095573000955959,0.021523528855700535,0.13423029554808305,0.20029977947120384,0.17309469785580114,2025-01-29,0.33561936494074524,0.222,DIPA
-0.04034512932040203,0.10290192874462065,-0.1066736163285267,-0.13821979743395202,-0.023510773623520505,0.0620306144319491,0.01971576026054668,0.04256519731210676,0.16666666666666669,0.21865578982888842,0.11207808734633384,0.23685198293566603,0.04969113955166776,0.21605633367077734,0.0,0.20069257683205663,0.07324041677622815,0.2306813203746045,0.0,0.11447493914723149,0.05824604500495422,0.16695524034669026,0.0,0.15570946151823484,2024-12-28,0.33561936494074524,0.259,DIPA
-0.07993288874314847,0.07017979240798805,-0.0965034578262395,-0.03783481025175701,0.13225953417173494,-0.027204507859347735,-0.03168252816133582,-0.01960332317988132,0.18746231593155538,0.12507536813688927,0.049691139551667755,0.27324436914922123,0.14847047355988907,0.2160563336707773,0.0,0.16532181739425753,0.0,0.2236184208558347,0.04095573000955959,0.04095573000955959,0.021523528855700535,0.13423029554808305,0.20029977947120384,0.17309469785580114,2025-01-29,0.33561936494074524,0.259,DIPA
-0.04034512932040203,0.10290192874462065,-0.1066736163285267,-0.13821979743395202,-0.023510773623520505,0.0620306144319491,0.01971576026054668,0.04256519731210676,0.09128243808144515,0.2264541583032217,0.10947863118822275,0.2810427376235545,0.052290595709778835,0.23945143909377709,0.0,0.20069257683205663,0.07324041677622815,0.2306813203746045,0.0,0.11447493914723149,0.05824604500495422,0.16695524034669026,0.0,0.15570946151823484,2024-12-28,0.33561936494074524,0.296,DIPA
-0.07993288874314847,0.07017979240798805,-0.0965034578262395,-0.03783481025175701,0.13225953417173494,-0.027204507859347735,-0.03168252816133582,-0.01960332317988132,0.15366938587611123,0.13027428045311146,0.11727699966255602,0.24205089525188817,0.1198764558206671,0.236851982935666,0.0,0.16532181739425753,0.0,0.2236184208558347,0.04095573000955959,0.04095573000955959,0.021523528855700535,0.13423029554808305,0.20029977947120384,0.17309469785580114,2025-01-29,0.33561936494074524,0.296,DIPA
-0.04034512932040203,0.10290192874462065,-0.1066736163285267,-0.13821979743395202,-0.023510773623520505,0.0620306144319491,0.01971576026054668,0.04256519731210676,0.14847047355988907,0.2160563336707773,0.1822634036153332,0.2134568775126662,0.08088461344900079,0.1588682981923334,0.0,0.20069257683205663,0.07324041677622815,0.2306813203746045,0.0,0.11447493914723149,0.05824604500495422,0.16695524034669026,0.0,0.15570946151823484,2024-12-28,0.33561936494074524,0.315,DIPA
-0.07993288874314847,0.07017979240798805,-0.0965034578262395,-0.03783481025175701,0.13225953417173494,-0.027204507859347735,-0.03168252816133582,-0.01960332317988132,0.17186557898288884,0.1614677543504445,0.08088461344900079,0.24205089525188817,0.1380726489274447,0.20565850903833297,0.0,0.16532181739425753,0.0,0.2236184208558347,0.04095573000955959,0.04095573000955959,0.021523528855700535,0.13423029554808305,0.20029977947120384,0.17309469785580114,2025-01-29,0.33561936494074524,0.315,DIPA
-0.04034512932040203,0.10290192874462065,-0.1066736163285267,-0.13821979743395202,-0.023510773623520505,0.0620306144319491,0.01971576026054668,0.04256519731210676,0.20305905288022189,0.19526068440588865,0.16146775435044453,0.21865578982888842,0.07048678881655646,0.15106992971800015,0.0,0.20069257683205663,0.07324041677622815,0.2306813203746045,0.0,0.11447493914723149,0.05824604500495422,0.16695524034669026,0.0,0.15570946151823484,2024-12-28,0.33561936494074524,0.352,DIPA
-0.07993288874314847,0.07017979240798805,-0.0965034578262395,-0.03783481025175701,0.13225953417173494,-0.027204507859347735,-0.03168252816133582,-0.01960332317988132,0.1822634036153332,0.14587101740177796,0.09128243808144515,0.24465035140999927,0.11467754350444492,0.2212552459869995,0.0,0.16532181739425753,0.0,0.2236184208558347,0.04095573000955959,0.04095573000955959,0.021523528855700535,0.13423029554808305,0.20029977947120384,0.17309469785580114,2025-01-29,0.33561936494074524,0.352,DIPA
-0.04034512932040203,0.10290192874462065,-0.1066736163285267,-0.13821979743395202,-0.023510773623520505,0.0620306144319491,0.01971576026054668,0.04256519731210676,0.16666666666666666,0.20045959672211078,0.14847047355988904,0.18226340361533316,0.06788733265844535,0.2342525267775549,0.0,0.20069257683205663,0.07324041677622815,0.2306813203746045,0.0,0.11447493914723149,0.05824604500495422,0.16695524034669026,0.0,0.15570946151823484,2024-12-28,0.33561936494074524,0.389,DIPA
-0.07993288874314847,0.07017979240798805,-0.0965034578262395,-0.03783481025175701,0.13225953417173494,-0.027204507859347735,-0.03168252816133582,-0.01960332317988132,0.17186557898288887,0.09908080655577843,0.1016802627138895,0.2680454568329991,0.145871017401778,0.21345687751266623,0.0,0.16532181739425753,0.0,0.2236184208558347,0.04095573000955959,0.04095573000955959,0.021523528855700535,0.13423029554808305,0.20029977947120384,0.17309469785580114,2025-01-29,0.33561936494074524,0.389,DIPA
-0.04034512932040203,0.10290192874462065,-0.1066736163285267,-0.13821979743395202,-0.023510773623520505,0.0620306144319491,0.01971576026054668,0.04256519731210676,0.16406721050855555,0.18746231593155538,0.13287373661122254,0.21085742135455515,0.02629603412866797,0.2784432814654434,0.0,0.20069257683205663,0.07324041677622815,0.2306813203746045,0.0,0.11447493914723149,0.05824604500495422,0.16695524034669026,0.0,0.15570946151823484,2024-12-28,0.33561936494074524,0.407,DIPA
-0.07993288874314847,0.07017979240798805,-0.0965034578262395,-0.03783481025175701,0.13225953417173494,-0.027204507859347735,-0.03168252816133582,-0.01960332317988132,0.1978601405639997,0.09128243808144515,0.11467754350444492,0.18746231593155538,0.19006177208966643,0.2186557898288884,0.0,0.16532181739425753,0.0,0.2236184208558347,0.04095573000955959,0.04095573000955959,0.021523528855700535,0.13423029554808305,0.20029977947120384,0.17309469785580114,2025-01-29,0.33561936494074524,0.407,DIPA
-0.04034512932040203,0.10290192874462065,-0.1066736163285267,-0.13821979743395202,-0.023510773623520505,0.0620306144319491,0.01971576026054668,0.04256519731210676,0.1822634036153332,0.17446503514099992,0.07568570113277862,0.2004595967221108,0.049691139551667755,0.31743512383710965,0.0,0.20069257683205663,0.07324041677622815,0.2306813203746045,0.0,0.11447493914723149,0.05824604500495422,0.16695524034669026,0.0,0.15570946151823484,2024-12-28,0.33561936494074524,0.444,DIPA
-0.07993288874314847,0.07017979240798805,-0.0965034578262395,-0.03783481025175701,0.13225953417173494,-0.027204507859347735,-0.03168252816133582,-0.01960332317988132,0.1614677543504445,0.05748950802600101,0.09648135039766732,0.29144056225599885,0.1198764558206671,0.27324436914922123,0.0,0.16532181739425753,0.0,0.2236184208558347,0.04095573000955959,0.04095573000955959,0.021523528855700535,0.13423029554808305,0.20029977947120384,0.17309469785580114,2025-01-29,0.33561936494074524,0.444,DIPA
-0.04034512932040203,0.10290192874462065,-0.1066736163285267,-0.13821979743395202,-0.023510773623520505,0.0620306144319491,0.01971576026054668,0.04256519731210676,0.2134568775126662,0.1588682981923334,0.15366938587611123,0.236851982935666,0.028895490286779055,0.20825796519644404,0.0,0.20069257683205663,0.07324041677622815,0.2306813203746045,0.0,0.11447493914723149,0.05824604500495422,0.16695524034669026,0.0,0.15570946151823484,2024-12-28,0.33561936494074524,0.463,DIPA
-0.07993288874314847,0.07017979240798805,-0.0965034578262395,-0.03783481025175701,0.13225953417173494,-0.027204507859347735,-0.03168252816133582,-0.01960332317988132,0.205658509038333,0.10947863118822276,0.07828515729088972,0.21605633367077734,0.14327156124366688,0.24724980756811038,0.0,0.16532181739425753,0.0,0.2236184208558347,0.04095573000955959,0.04095573000955959,0.021523528855700535,0.13423029554808305,0.20029977947120384,0.17309469785580114,2025-01-29,0.33561936494074524,0.463,DIPA
-0.04034512932040203,0.10290192874462065,-0.1066736163285267,-0.13821979743395202,-0.023510773623520505,0.0620306144319491,0.01971576026054668,0.04256519731210676,0.20565850903833297,0.09388189423955623,0.11727699966255602,0.2160563336707773,0.03669385876111232,0.33043240462766515,0.0,0.20069257683205663,0.07324041677622815,0.2306813203746045,0.0,0.11447493914723149,0.05824604500495422,0.16695524034669026,0.0,0.15570946151823484,2024-12-28,0.33561936494074524,0.5,DIPA
-0.07993288874314847,0.07017979240798805,-0.0965034578262395,-0.03783481025175701,0.13225953417173494,-0.027204507859347735,-0.03168252816133582,-0.01960332317988132,0.205658509038333,0.02889549028677906,0.0834840696071119,0.3148356676789986,0.11207808734633384,0.2550481760424437,0.0,0.16532181739425753,0.0,0.2236184208558347,0.04095573000955959,0.04095573000955959,0.021523528855700535,0.13423029554808305,0.20029977947120384,0.17309469785580114,2025-01-29,0.33561936494074524,0.5,DIPA
-0.04034512932040203,0.10290192874462065,-0.1066736163285267,-0.13821979743395202,-0.023510773623520505,0.0620306144319491,0.01971576026054668,0.04256519731210676,0.13547319276933362,0.2550481760424436,0.03669385876111232,0.33303186078577623,0.008099841021890363,0.23165307061944385,0.0,0.20069257683205663,0.07324041677622815,0.2306813203746045,0.0,0.11447493914723149,0.05824604500495422,0.16695524034669026,0.0,0.15570946151823484,2024-12-28,0.33561936494074524,0.0,DPPA
-0.07993288874314847,0.07017979240798805,-0.0965034578262395,-0.03783481025175701,0.13225953417173494,-0.027204507859347735,-0.03168252816133582,-0.01960332317988132,0.18486285977344427,0.1614677543504445,0.01849766565433471,0.327832948469554,0.11727699966255602,0.19006177208966643,0.0,0.16532181739425753,0.0,0.2236184208558347,0.04095573000955959,0.04095573000955959,0.021523528855700535,0.13423029554808305,0.20029977947120384,0.17309469785580114,2025-01-29,0.33561936494074524,0.0,DPPA
-0.04034512932040203,0.10290192874462065,-0.1066736163285267,-0.13821979743395202,-0.023510773623520505,0.0620306144319491,0.01971576026054668,0.04256519731210676,0.11987645582066711,0.2680454568329991,0.03669385876111232,0.32003457999522084,0.021097121812445798,0.23425252677755495,0.0,0.20069257683205663,0.07324041677622815,0.2306813203746045,0.0,0.11447493914723149,0.05824604500495422,0.16695524034669026,0.0,0.15570946151823484,2024-12-28,0.33561936494074524,0.019,DPPA
-0.07993288874314847,0.07017979240798805,-0.0965034578262395,-0.03783481025175701,0.13225953417173494,-0.027204507859347735,-0.03168252816133582,-0.01960332317988132,0.20045959672211078,0.15626884203422228,0.026296034128667968,0.2992389307303321,0.11727699966255599,0.20045959672211078,0.0,0.16532181739425753,0.0,0.2236184208558347,0.04095573000955959,0.04095573000955959,0.021523528855700535,0.13423029554808305,0.20029977947120384,0.17309469785580114,2025-01-29,0.33561936494074524,0.019,DPPA
-0.04034512932040203,0.10290192874462065,-0.1066736163285267,-0.13821979743395202,-0.023510773623520505,0.0620306144319491,0.01971576026054668,0.04256519731210676,0.11727699966255603,0.2680454568329991,0.03669385876111232,0.3434296854182206,0.015898209496223628,0.21865578982888842,0.0,0.20069257683205663,0.07324041677622815,0.2306813203746045,0.0,0.11447493914723149,0.05824604500495422,0.16695524034669026,0.0,0.15570946151823484,2024-12-28,0.33561936494074524,0.056,DPPA
-0.07993288874314847,0.07017979240798805,-0.0965034578262395,-0.03783481025175701,0.13225953417173494,-0.027204507859347735,-0.03168252816133582,-0.01960332317988132,0.16926612282477774,0.1588682981923334,0.03149494644489014,0.2992389307303321,0.1198764558206671,0.2212552459869995,0.0,0.16532181739425753,0.0,0.2236184208558347,0.04095573000955959,0.04095573000955959,0.021523528855700535,0.13423029554808305,0.20029977947120384,0.17309469785580114,2025-01-29,0.33561936494074524,0.056,DPPA
-0.04034512932040203,0.10290192874462065,-0.1066736163285267,-0.13821979743395202,-0.023510773623520505,0.0620306144319491,0.01971576026054668,0.04256519731210676,0.12247591197877818,0.2602470883586658,0.06788733265844535,0.3070372992046653,0.03409440260300123,0.20825796519644402,0.0,0.20069257683205663,0.07324041677622815,0.2306813203746045,0.0,0.11447493914723149,0.05824604500495422,0.16695524034669026,0.0,0.15570946151823484,2024-12-28,0.33561936494074524,0.074,DPPA
-0.07993288874314847,0.07017979240798805,-0.0965034578262395,-0.03783481025175701,0.13225953417173494,-0.027204507859347735,-0.03168252816133582,-0.01960332317988132,0.16666666666666666,0.1562688420342223,0.0600889641841121,0.30183838688844317,0.11727699966255602,0.1978601405639997,0.0,0.16532181739425753,0.0,0.2236184208558347,0.04095573000955959,0.04095573000955959,0.021523528855700535,0.13423029554808305,0.20029977947120384,0.17309469785580114,2025-01-29,0.33561936494074524,0.074,DPPA
-0.04034512932040203,0.10290192874462065,-0.1066736163285267,-0.13821979743395202,-0.023510773623520505,0.0620306144319491,0.01971576026054668,0.04256519731210676,0.13027428045311146,0.2602470883586658,0.04449222723544558,0.3070372992046654,0.041892771077334495,0.2160563336707773,0.0,0.20069257683205663,0.07324041677622815,0.2306813203746045,0.0,0.11447493914723149,0.05824604500495422,0.16695524034669026,0.0,0.15570946151823484,2024-12-28,0.33561936494074524,0.111,DPPA
-0.07993288874314847,0.07017979240798805,-0.0965034578262395,-0.03783481025175701,0.13225953417173494,-0.027204507859347735,-0.03168252816133582,-0.01960332317988132,0.18746231593155538,0.17186557898288884,0.049691139551667755,0.28364219378166555,0.12767482429500035,0.17966394745722208,0.0,0.16532181739425753,0.0,0.2236184208558347,0.04095573000955959,0.04095573000955959,0.021523528855700535,0.13423029554808305,0.20029977947120384,0.17309469785580114,2025-01-29,0.33561936494074524,0.111,DPPA
-0.04034512932040203,0.10290192874462065,-0.1066736163285267,-0.13821979743395202,-0.023510773623520505,0.0620306144319491,0.01971576026054668,0.04256519731210676,0.1250753681368893,0.27064491299111015,0.041892771077334495,0.3174351238371097,0.047091683393556676,0.19786014056399973,0.0,0.20069257683205663,0.07324041677622815,0.2306813203746045,0.0,0.11447493914723149,0.05824604500495422,0.16695524034669026,0.0,0.15570946151823484,2024-12-28,0.33561936494074524,0.148,DPPA
-0.07993288874314847,0.07017979240798805,-0.0965034578262395,-0.03783481025175701,0.13225953417173494,-0.027204507859347735,-0.03168252816133582,-0.01960332317988132,0.1588682981923334,0.16406721050855555,0.06788733265844536,0.2784432814654434,0.11727699966255602,0.2134568775126662,0.0,0.16532181739425753,0.0,0.2236184208558347,0.04095573000955959,0.04095573000955959,0.021523528855700535,0.13423029554808305,0.20029977947120384,0.17309469785580114,2025-01-29,0.33561936494074524,0.148,DPPA
-0.04034512932040203,0.10290192874462065,-0.1066736163285267,-0.13821979743395202,-0.023510773623520505,0.0620306144319491,0.01971576026054668,0.04256519731210676,0.10947863118822275,0.28884110609788777,0.05748950802600101,0.27324436914922123,0.0600889641841121,0.21085742135455515,0.0,0.20069257683205663,0.07324041677622815,0.2306813203746045,0.0,0.11447493914723149,0.05824604500495422,0.16695524034669026,0.0,0.15570946151823484,2024-12-28,0.33561936494074524,0.167,DPPA
-0.07993288874314847,0.07017979240798805,-0.0965034578262395,-0.03783481025175701,0.13225953417173494,-0.027204507859347735,-0.03168252816133582,-0.01960332317988132,0.1978601405639997,0.1614677543504445,0.05748950802600101,0.2680454568329991,0.09648135039766732,0.2186557898288884,0.0,0.16532181739425753,0.0,0.2236184208558347,0.04095573000955959,0.04095573000955959,0.021523528855700535,0.13423029554808305,0.20029977947120384,0.17309469785580114,2025-01-29,0.33561936494074524,0.167,DPPA
-0.04034512932040203,0.10290192874462065,-0.1066736163285267,-0.13821979743395202,-0.023510773623520505,0.0620306144319491,0.01971576026054668,0.04256519731210676,0.12767482429500038,0.29404001841411,0.07568570113277863,0.28104273762355453,0.023696577970556888,0.19786014056399973,0.0,0.20069257683205663,0.07324041677622815,0.2306813203746045,0.0,0.11447493914723149,0.05824604500495422,0.16695524034669026,0.0,0.15570946151823484,2024-12-28,0.33561936494074524,0.204,DPPA
-0.07993288874314847,0.07017979240798805,-0.0965034578262395,-0.03783481025175701,0.13225953417173494,-0.027204507859347735,-0.03168252816133582,-0.01960332317988132,0.1614677543504445,0.17446503514099992,0.034094402603001235,0.3382307731019984,0.12507536813688927,0.16666666666666666,0.0,0.16532181739425753,0.0,0.2236184208558347,0.04095573000955959,0.04095573000955959,0.021523528855700535,0.13423029554808305,0.20029977947120384,0.17309469785580114,2025-01-29,0.33561936494074524,0.204,DPPA
-0.04034512932040203,0.10290192874462065,-0.1066736163285267,-0.13821979743395202,-0.023510773623520505,0.0620306144319491,0.01971576026054668,0.04256519731210676,0.10427971887200058,0.28624164993977663,0.07308624497466754,0.27324436914922123,0.041892771077334495,0.2212552459869995,0.0,0.20069257683205663,0.07324041677622815,0.2306813203746045,0.0,0.11447493914723149,0.05824604500495422,0.16695524034669026,0.0,0.15570946151823484,2024-12-28,0.33561936494074524,0.222,DPPA
-0.07993288874314847,0.07017979240798805,-0.0965034578262395,-0.03783481025175701,0.13225953417173494,-0.027204507859347735,-0.03168252816133582,-0.01960332317988132,0.19006177208966643,0.14327156124366688,0.06788733265844536,0.2758438253073323,0.13287373661122254,0.19006177208966643,0.0,0.16532181739425753,0.0,0.2236184208558347,0.04095573000955959,0.04095573000955959,0.021523528855700535,0.13423029554808305,0.20029977947120384,0.17309469785580114,2025-01-29,0.33561936494074524,0.222,DPPA
-0.04034512932040203,0.10290192874462065,-0.1066736163285267,-0.13821979743395202,-0.023510773623520505,0.0620306144319491,0.01971576026054668,0.04256519731210676,0.13547319276933362,0.2680454568329991,0.02629603412866797,0.2602470883586658,0.10427971887200058,0.20565850903833297,0.0,0.20069257683205663,0.07324041677622815,0.2306813203746045,0.0,0.11447493914723149,0.05824604500495422,0.16695524034669026,0.0,0.15570946151823484,2024-12-28,0.33561936494074524,0.259,DPPA
-0.07993288874314847,0.07017979240798805,-0.0965034578262395,-0.03783481025175701,0.13225953417173494,-0.027204507859347735,-0.03168252816133582,-0.01960332317988132,0.20305905288022186,0.14327156124366688,0.034094402603001235,0.31223621152088754,0.14067210508555578,0.16666666666666666,0.0,0.16532181739425753,0.0,0.2236184208558347,0.04095573000955959,0.04095573000955959,0.021523528855700535,0.13423029554808305,0.20029977947120384,0.17309469785580114,2025-01-29,0.33561936494074524,0.259,DPPA
-0.04034512932040203,0.10290192874462065,-0.1066736163285267,-0.13821979743395202,-0.023510773623520505,0.0620306144319491,0.01971576026054668,0.04256519731210676,0.09128243808144516,0.2498492637262215,0.08868298192333407,0.27324436914922123,0.09648135039766734,0.20045959672211083,0.0,0.20069257683205663,0.07324041677622815,0.2306813203746045,0.0,0.11447493914723149,0.05824604500495422,0.16695524034669026,0.0,0.15570946151823484,2024-12-28,0.33561936494074524,0.296,DPPA
-0.07993288874314847,0.07017979240798805,-0.0965034578262395,-0.03783481025175701,0.13225953417173494,-0.027204507859347735,-0.03168252816133582,-0.01960332317988132,0.17706449129911103,0.13027428045311146,0.023696577970556885,0.34602914157633163,0.15366938587611123,0.16926612282477774,0.0,0.16532181739425753,0.0,0.2236184208558347,0.04095573000955959,0.04095573000955959,0.021523528855700535,0.13423029554808305,0.20029977947120384,0.17309469785580114,2025-01-29,0.33561936494074524,0.296,DPPA
-0.04034512932040203,0.10290192874462065,-0.1066736163285267,-0.13821979743395202,-0.023510773623520505,0.0620306144319491,0.01971576026054668,0.04256519731210676,0.13807264892744472,0.26024708835866583,0.041892771077334495,0.265446000674888,0.07568570113277863,0.21865578982888842,0.0,0.20069257683205663,0.07324041677622815,0.2306813203746045,0.0,0.11447493914723149,0.05824604500495422,0.16695524034669026,0.0,0.15570946151823484,2024-12-28,0.33561936494074524,0.315,DPPA
-0.07993288874314847,0.07017979240798805,-0.0965034578262395,-0.03783481025175701,0.13225953417173494,-0.027204507859347735,-0.03168252816133582,-0.01960332317988132,0.19006177208966643,0.1380726489274447,0.06528787650033428,0.2680454568329991,0.1588682981923334,0.17966394745722208,0.0,0.16532181739425753,0.0,0.2236184208558347,0.04095573000955959,0.04095573000955959,0.021523528855700535,0.13423029554808305,0.20029977947120384,0.17309469785580114,2025-01-29,0.33561936494074524,0.315,DPPA
-0.04034512932040203,0.10290192874462065,-0.1066736163285267,-0.13821979743395202,-0.023510773623520505,0.0620306144319491,0.01971576026054668,0.04256519731210676,0.16666666666666666,0.24465035140999927,0.06268842034222319,0.32523349231144294,0.01849766565433471,0.1822634036153332,0.0,0.20069257683205663,0.07324041677622815,0.2306813203746045,0.0,0.11447493914723149,0.05824604500495422,0.16695524034669026,0.0,0.15570946151823484,2024-12-28,0.33561936494074524,0.352,DPPA
-0.07993288874314847,0.07017979240798805,-0.0965034578262395,-0.03783481025175701,0.13225953417173494,-0.027204507859347735,-0.03168252816133582,-0.01960332317988132,0.15626884203422228,0.17966394745722206,0.06788733265844535,0.2810427376235544,0.14067210508555578,0.1744650351409999,0.0,0.16532181739425753,0.0,0.2236184208558347,0.04095573000955959,0.04095573000955959,0.021523528855700535,0.13423029554808305,0.20029977947120384,0.17309469785580114,2025-01-29,0.33561936494074524,0.352,DPPA
-0.04034512932040203,0.10290192874462065,-0.1066736163285267,-0.13821979743395202,-0.023510773623520505,0.0620306144319491,0.01971576026054668,0.04256519731210676,0.1198764558206671,0.1978601405639997,0.10687917503011166,0.2784432814654434,0.10947863118822275,0.18746231593155538,0.0,0.20069257683205663,0.07324041677622815,0.2306813203746045,0.0,0.11447493914723149,0.05824604500495422,0.16695524034669026,0.0,0.15570946151823484,2024-12-28,0.33561936494074524,0.389,DPPA
-0.07993288874314847,0.07017979240798805,-0.0965034578262395,-0.03783481025175701,0.13225953417173494,-0.027204507859347735,-0.03168252816133582,-0.01960332317988132,0.15626884203422228,0.24205089525188814,0.013298753338112534,0.29404001841410987,0.1328737366112225,0.16146775435044447,0.0,0.16532181739425753,0.0,0.2236184208558347,0.04095573000955959,0.04095573000955959,0.021523528855700535,0.13423029554808305,0.20029977947120384,0.17309469785580114,2025-01-29,0.33561936494074524,0.389,DPPA
-0.04034512932040203,0.10290192874462065,-0.1066736163285267,-0.13821979743395202,-0.023510773623520505,0.0620306144319491,0.01971576026054668,0.04256519731210676,0.16406721050855555,0.23425252677755493,0.052290595709778835,0.2992389307303321,0.07828515729088971,0.17186557898288884,0.0,0.20069257683205663,0.07324041677622815,0.2306813203746045,0.0,0.11447493914723149,0.05824604500495422,0.16695524034669026,0.0,0.15570946151823484,2024-12-28,0.33561936494074524,0.407,DPPA
-0.07993288874314847,0.07017979240798805,-0.0965034578262395,-0.03783481025175701,0.13225953417173494,-0.027204507859347735,-0.03168252816133582,-0.01960332317988132,0.2758438253073323,0.19006177208966646,0.03669385876111232,0.27324436914922123,0.13027428045311146,0.09388189423955624,0.0,0.16532181739425753,0.0,0.2236184208558347,0.04095573000955959,0.04095573000955959,0.021523528855700535,0.13423029554808305,0.20029977947120384,0.17309469785580114,2025-01-29,0.33561936494074524,0.407,DPPA
-0.04034512932040203,0.10290192874462065,-0.1066736163285267,-0.13821979743395202,-0.023510773623520505,0.0620306144319491,0.01971576026054668,0.04256519731210676,0.09128243808144515,0.28624164993977663,0.08868298192333406,0.2810427376235545,0.08088461344900079,0.17186557898288884,0.0,0.20069257683205663,0.07324041677622815,0.2306813203746045,0.0,0.11447493914723149,0.05824604500495422,0.16695524034669026,0.0,0.15570946151823484,2024-12-28,0.33561936494074524,0.444,DPPA
-0.07993288874314847,0.07017979240798805,-0.0965034578262395,-0.03783481025175701,0.13225953417173494,-0.027204507859347735,-0.03168252816133582,-0.01960332317988132,0.2186557898288884,0.2004595967221108,0.021097121812445798,0.2784432814654434,0.13547319276933362,0.14587101740177796,0.0,0.16532181739425753,0.0,0.2236184208558347,0.04095573000955959,0.04095573000955959,0.021523528855700535,0.13423029554808305,0.20029977947120384,0.17309469785580114,2025-01-29,0.33561936494074524,0.444,DPPA
-0.04034512932040203,0.10290192874462065,-0.1066736163285267,-0.13821979743395202,-0.023510773623520505,0.0620306144319491,0.01971576026054668,0.04256519731210676,0.1484704735598891,0.2420508952518882,0.07828515729088972,0.325233492311443,0.015898209496223628,0.19006177208966646,0.0,0.20069257683205663,0.07324041677622815,0.2306813203746045,0.0,0.11447493914723149,0.05824604500495422,0.16695524034669026,0.0,0.15570946151823484,2024-12-28,0.33561936494074524,0.463,DPPA
-0.07993288874314847,0.07017979240798805,-0.0965034578262395,-0.03783481025175701,0.13225953417173494,-0.027204507859347735,-0.03168252816133582,-0.01960332317988132,0.16926612282477774,0.18486285977344427,0.08088461344900079,0.2550481760424436,0.10687917503011166,0.20305905288022186,0.0,0.16532181739425753,0.0,0.2236184208558347,0.04095573000955959,0.04095573000955959,0.021523528855700535,0.13423029554808305,0.20029977947120384,0.17309469785580114,2025-01-29,0.33561936494074524,0.463,DPPA
-0.04034512932040203,0.10290192874462065,-0.1066736163285267,-0.13821979743395202,-0.023510773623520505,0.0620306144319491,0.01971576026054668,0.04256519731210676,0.16926612282477774,0.1978601405639997,0.07308624497466754,0.2784432814654434,0.0600889641841121,0.2212552459869995,0.0,0.20069257683205663,0.07324041677622815,0.2306813203746045,0.0,0.11447493914723149,0.05824604500495422,0.16695524034669026,0.0,0.15570946151823484,2024-12-28,0.33561936494074524,0.5,DPPA
-0.07993288874314847,0.07017979240798805,-0.0965034578262395,-0.03783481025175701,0.13225953417173494,-0.027204507859347735,-0.03168252816133582,-0.01960332317988132,0.16666666666666666,0.1614677543504445,0.06268842034222319,0.30443784304655425,0.09908080655577842,0.20565850903833297,0.0,0.16532181739425753,0.0,0.2236184208558347,0.04095573000955959,0.04095573000955959,0.021523528855700535,0.13423029554808305,0.20029977947120384,0.17309469785580114,2025-01-29,0.33561936494074524,0.5,DPPA
-0.04034512932040203,0.10290192874462065,-0.1066736163285267,-0.13821979743395202,-0.023510773623520505,0.0620306144319491,0.01971576026054668,0.04256519731210676,0.13547319276933362,0.2550481760424436,0.03669385876111232,0.33303186078577623,0.008099841021890363,0.23165307061944385,0.0,0.20069257683205663,0.07324041677622815,0.2306813203746045,0.0,0.11447493914723149,0.05824604500495422,0.16695524034669026,0.0,0.15570946151823484,2024-12-28,0.33561936494074524,0.0,ROPA
-0.07993288874314847,0.07017979240798805,-0.0965034578262395,-0.03783481025175701,0.13225953417173494,-0.027204507859347735,-0.03168252816133582,-0.01960332317988132,0.18486285977344427,0.1614677543504445,0.01849766565433471,0.327832948469554,0.11727699966255602,0.19006177208966643,0.0,0.16532181739425753,0.0,0.2236184208558347,0.04095573000955959,0.04095573000955959,0.021523528855700535,0.13423029554808305,0.20029977947120384,0.17309469785580114,2025-01-29,0.33561936494074524,0.0,ROPA
-0.04034512932040203,0.10290192874462065,-0.1066736163285267,-0.13821979743395202,-0.023510773623520505,0.0620306144319491,0.01971576026054668,0.04256519731210676,0.12767482429500035,0.2550481760424436,0.04449222723544558,0.31743512383710965,0.023696577970556885,0.23165307061944385,0.0,0.20069257683205663,0.07324041677622815,0.2306813203746045,0.0,0.11447493914723149,0.05824604500495422,0.16695524034669026,0.0,0.15570946151823484,2024-12-28,0.33561936494074524,0.019,ROPA
-0.07993288874314847,0.07017979240798805,-0.0965034578262395,-0.03783481025175701,0.13225953417173494,-0.027204507859347735,-0.03168252816133582,-0.01960332317988132,0.19786014056399973,0.16406721050855558,0.02889549028677906,0.3044378430465543,0.1224759119787782,0.18226340361533322,0.0,0.16532181739425753,0.0,0.2236184208558347,0.04095573000955959,0.04095573000955959,0.021523528855700535,0.13423029554808305,0.20029977947120384,0.17309469785580114,2025-01-29,0.33561936494074524,0.019,ROPA
-0.04034512932040203,0.10290192874462065,-0.1066736163285267,-0.13821979743395202,-0.023510773623520505,0.0620306144319491,0.01971576026054668,0.04256519731210676,0.13547319276933362,0.2602470883586658,0.05489005186788992,0.31223621152088754,0.01849766565433471,0.2186557898288884,0.0,0.20069257683205663,0.07324041677622815,0.2306813203746045,0.0,0.11447493914723149,0.05824604500495422,0.16695524034669026,0.0,0.15570946151823484,2024-12-28,0.33561936494074524,0.056,ROPA
-0.07993288874314847,0.07017979240798805,-0.0965034578262395,-0.03783481025175701,0.13225953417173494,-0.027204507859347735,-0.03168252816133582,-0.01960332317988132,0.17706449129911103,0.17706449129911103,0.04709168339355667,0.2680454568329991,0.12767482429500035,0.20305905288022186,0.0,0.16532181739425753,0.0,0.2236184208558347,0.04095573000955959,0.04095573000955959,0.021523528855700535,0.13423029554808305,0.20029977947120384,0.17309469785580114,2025-01-29,0.33561936494074524,0.056,ROPA
-0.04034512932040203,0.10290192874462065,-0.1066736163285267,-0.13821979743395202,-0.023510773623520505,0.0620306144319491,0.01971576026054668,0.04256519731210676,0.1198764558206671,0.26284654451677686,0.04709168339355667,0.30443784304655425,0.034094402603001235,0.23165307061944385,0.0,0.20069257683205663,0.07324041677622815,0.2306813203746045,0.0,0.11447493914723149,0.05824604500495422,0.16695524034669026,0.0,0.15570946151823484,2024-12-28,0.33561936494074524,0.074,ROPA
-0.07993288874314847,0.07017979240798805,-0.0965034578262395,-0.03783481025175701,0.13225953417173494,-0.027204507859347735,-0.03168252816133582,-0.01960332317988132,0.15626884203422234,0.1848628597734443,0.04969113955166776,0.27064491299111015,0.13287373661122256,0.205658509038333,0.0,0.16532181739425753,0.0,0.2236184208558347,0.04095573000955959,0.04095573000955959,0.021523528855700535,0.13423029554808305,0.20029977947120384,0.17309469785580114,2025-01-29,0.33561936494074524,0.074,ROPA
-0.04034512932040203,0.10290192874462065,-0.1066736163285267,-0.13821979743395202,-0.023510773623520505,0.0620306144319491,0.01971576026054668,0.04256519731210676,0.12507536813688927,0.26284654451677686,0.09388189423955623,0.28364219378166555,0.04449222723544558,0.19006177208966643,0.0,0.20069257683205663,0.07324041677622815,0.2306813203746045,0.0,0.11447493914723149,0.05824604500495422,0.16695524034669026,0.0,0.15570946151823484,2024-12-28,0.33561936494074524,0.111,ROPA
-0.07993288874314847,0.07017979240798805,-0.0965034578262395,-0.03783481025175701,0.13225953417173494,-0.027204507859347735,-0.03168252816133582,-0.01960332317988132,0.17966394745722208,0.18486285977344427,0.04709168339355667,0.2680454568329991,0.10947863118822275,0.21085742135455515,0.0,0.16532181739425753,0.0,0.2236184208558347,0.04095573000955959,0.04095573000955959,0.021523528855700535,0.13423029554808305,0.20029977947120384,0.17309469785580114,2025-01-29,0.33561936494074524,0.111,ROPA
-0.04034512932040203,0.10290192874462065,-0.1066736163285267,-0.13821979743395202,-0.023510773623520505,0.0620306144319491,0.01971576026054668,0.04256519731210676,0.1198764558206671,0.2810427376235545,0.04709168339355667,0.30963675536277646,0.05489005186788992,0.18746231593155538,0.0,0.20069257683205663,0.07324041677622815,0.2306813203746045,0.0,0.11447493914723149,0.05824604500495422,0.16695524034669026,0.0,0.15570946151823484,2024-12-28,0.33561936494074524,0.148,ROPA
-0.07993288874314847,0.07017979240798805,-0.0965034578262395,-0.03783481025175701,0.13225953417173494,-0.027204507859347735,-0.03168252816133582,-0.01960332317988132,0.17446503514099992,0.16926612282477774,0.08348406960711188,0.24465035140999927,0.14327156124366688,0.18486285977344427,0.0,0.16532181739425753,0.0,0.2236184208558347,0.04095573000955959,0.04095573000955959,0.021523528855700535,0.13423029554808305,0.20029977947120384,0.17309469785580114,2025-01-29,0.33561936494074524,0.148,ROPA
-0.04034512932040203,0.10290192874462065,-0.1066736163285267,-0.13821979743395202,-0.023510773623520505,0.0620306144319491,0.01971576026054668,0.04256519731210676,0.10947863118822274,0.2888411060978877,0.08348406960711187,0.2498492637262214,0.060088964184112095,0.20825796519644402,0.0,0.20069257683205663,0.07324041677622815,0.2306813203746045,0.0,0.11447493914723149,0.05824604500495422,0.16695524034669026,0.0,0.15570946151823484,2024-12-28,0.33561936494074524,0.167,ROPA
-0.07993288874314847,0.07017979240798805,-0.0965034578262395,-0.03783481025175701,0.13225953417173494,-0.027204507859347735,-0.03168252816133582,-0.01960332317988132,0.17446503514099992,0.18486285977344427,0.052290595709778835,0.2602470883586658,0.13287373661122254,0.19526068440588862,0.0,0.16532181739425753,0.0,0.2236184208558347,0.04095573000955959,0.04095573000955959,0.021523528855700535,0.13423029554808305,0.20029977947120384,0.17309469785580114,2025-01-29,0.33561936494074524,0.167,ROPA
-0.04034512932040203,0.10290192874462065,-0.1066736163285267,-0.13821979743395202,-0.023510773623520505,0.0620306144319491,0.01971576026054668,0.04256519731210676,0.09908080655577842,0.29144056225599885,0.08868298192333406,0.26284654451677686,0.07048678881655646,0.18746231593155538,0.0,0.20069257683205663,0.07324041677622815,0.2306813203746045,0.0,0.11447493914723149,0.05824604500495422,0.16695524034669026,0.0,0.15570946151823484,2024-12-28,0.33561936494074524,0.204,ROPA
-0.07993288874314847,0.07017979240798805,-0.0965034578262395,-0.03783481025175701,0.13225953417173494,-0.027204507859347735,-0.03168252816133582,-0.01960332317988132,0.15366938587611123,0.16926612282477774,0.06788733265844536,0.24724980756811035,0.16926612282477774,0.19266122824777754,0.0,0.16532181739425753,0.0,0.2236184208558347,0.04095573000955959,0.04095573000955959,0.021523528855700535,0.13423029554808305,0.20029977947120384,0.17309469785580114,2025-01-29,0.33561936494074524,0.204,ROPA
-0.04034512932040203,0.10290192874462065,-0.1066736163285267,-0.13821979743395202,-0.023510773623520505,0.0620306144319491,0.01971576026054668,0.04256519731210676,0.14067210508555578,0.24205089525188817,0.06268842034222319,0.2680454568329991,0.07828515729088971,0.20825796519644404,0.0,0.20069257683205663,0.07324041677622815,0.2306813203746045,0.0,0.11447493914723149,0.05824604500495422,0.16695524034669026,0.0,0.15570946151823484,2024-12-28,0.33561936494074524,0.222,ROPA
-0.07993288874314847,0.07017979240798805,-0.0965034578262395,-0.03783481025175701,0.13225953417173494,-0.027204507859347735,-0.03168252816133582,-0.01960332317988132,0.17186557898288887,0.15626884203422234,0.04969113955166776,0.23945143909377714,0.16146775435044453,0.22125524598699953,0.0,0.16532181739425753,0.0,0.2236184208558347,0.04095573000955959,0.04095573000955959,0.021523528855700535,0.13423029554808305,0.20029977947120384,0.17309469785580114,2025-01-29,0.33561936494074524,0.222,ROPA
-0.04034512932040203,0.10290192874462065,-0.1066736163285267,-0.13821979743395202,-0.023510773623520505,0.0620306144319491,0.01971576026054668,0.04256519731210676,0.11207808734633383,0.28364219378166555,0.07568570113277862,0.236851982935666,0.12247591197877819,0.16926612282477774,0.0,0.20069257683205663,0.07324041677622815,0.2306813203746045,0.0,0.11447493914723149,0.05824604500495422,0.16695524034669026,0.0,0.15570946151823484,2024-12-28,0.33561936494074524,0.259,ROPA
-0.07993288874314847,0.07017979240798805,-0.0965034578262395,-0.03783481025175701,0.13225953417173494,-0.027204507859347735,-0.03168252816133582,-0.01960332317988132,0.20825796519644404,0.16666666666666666,0.08348406960711188,0.23425252677755493,0.11207808734633383,0.19526068440588862,0.0,0.16532181739425753,0.0,0.2236184208558347,0.04095573000955959,0.04095573000955959,0.021523528855700535,0.13423029554808305,0.20029977947120384,0.17309469785580114,2025-01-29,0.33561936494074524,0.259,ROPA
-0.04034512932040203,0.10290192874462065,-0.1066736163285267,-0.13821979743395202,-0.023510773623520505,0.0620306144319491,0.01971576026054668,0.04256519731210676,0.10427971887200058,0.2576476322005547,0.09648135039766732,0.22905361446133274,0.11467754350444492,0.1978601405639997,0.0,0.20069257683205663,0.07324041677622815,0.2306813203746045,0.0,0.11447493914723149,0.05824604500495422,0.16695524034669026,0.0,0.15570946151823484,2024-12-28,0.33561936494074524,0.296,ROPA
-0.07993288874314847,0.07017979240798805,-0.0965034578262395,-0.03783481025175701,0.13225953417173494,-0.027204507859347735,-0.03168252816133582,-0.01960332317988132,0.17186557898288884,0.17966394745722208,0.1198764558206671,0.2576476322005547,0.15366938587611123,0.11727699966255602,0.0,0.16532181739425753,0.0,0.2236184208558347,0.04095573000955959,0.04095573000955959,0.021523528855700535,0.13423029554808305,0.20029977947120384,0.17309469785580114,2025-01-29,0.33561936494074524,0.296,ROPA
-0.04034512932040203,0.10290192874462065,-0.1066736163285267,-0.13821979743395202,-0.023510773623520505,0.0620306144319491,0.01971576026054668,0.04256519731210676,0.12767482429500038,0.20825796519644407,0.11987645582066711,0.19526068440588865,0.10427971887200059,0.2446503514099993,0.0,0.20069257683205663,0.07324041677622815,0.2306813203746045,0.0,0.11447493914723149,0.05824604500495422,0.16695524034669026,0.0,0.15570946151823484,2024-12-28,0.33561936494074524,0.315,ROPA
-0.07993288874314847,0.07017979240798805,-0.0965034578262395,-0.03783481025175701,0.13225953417173494,-0.027204507859347735,-0.03168252816133582,-0.01960332317988132,0.17446503514099992,0.16666666666666666,0.07568570113277862,0.2576476322005547,0.16926612282477774,0.1562688420342223,0.0,0.16532181739425753,0.0,0.2236184208558347,0.04095573000955959,0.04095573000955959,0.021523528855700535,0.13423029554808305,0.20029977947120384,0.17309469785580114,2025-01-29,0.33561936494074524,0.315,ROPA
-0.04034512932040203,0.10290192874462065,-0.1066736163285267,-0.13821979743395202,-0.023510773623520505,0.0620306144319491,0.01971576026054668,0.04256519731210676,0.10168026271388948,0.27324436914922123,0.16666666666666666,0.20825796519644404,0.07828515729088971,0.17186557898288884,0.0,0.20069257683205663,0.07324041677622815,0.2306813203746045,0.0,0.11447493914723149,0.05824604500495422,0.16695524034669026,0.0,0.15570946151823484,2024-12-28,0.33561936494074524,0.352,ROPA
-0.07993288874314847,0.07017979240798805,-0.0965034578262395,-0.03783481025175701,0.13225953417173494,-0.027204507859347735,-0.03168252816133582,-0.01960332317988132,0.16926612282477774,0.12767482429500035,0.1198764558206671,0.2602470883586658,0.17966394745722208,0.14327156124366688,0.0,0.16532181739425753,0.0,0.2236184208558347,0.04095573000955959,0.04095573000955959,0.021523528855700535,0.13423029554808305,0.20029977947120384,0.17309469785580114,2025-01-29,0.33561936494074524,0.352,ROPA
-0.04034512932040203,0.10290192874462065,-0.1066736163285267,-0.13821979743395202,-0.023510773623520505,0.0620306144319491,0.01971576026054668,0.04256519731210676,0.13287373661122254,0.2680454568329991,0.13287373661122254,0.20305905288022186,0.08868298192333406,0.17446503514099992,0.0,0.20069257683205663,0.07324041677622815,0.2306813203746045,0.0,0.11447493914723149,0.05824604500495422,0.16695524034669026,0.0,0.15570946151823484,2024-12-28,0.33561936494074524,0.389,ROPA
-0.07993288874314847,0.07017979240798805,-0.0965034578262395,-0.03783481025175701,0.13225953417173494,-0.027204507859347735,-0.03168252816133582,-0.01960332317988132,0.14067210508555578,0.1744650351409999,0.11467754350444491,0.24205089525188814,0.1926612282477775,0.13547319276933362,0.0,0.16532181739425753,0.0,0.2236184208558347,0.04095573000955959,0.04095573000955959,0.021523528855700535,0.13423029554808305,0.20029977947120384,0.17309469785580114,2025-01-29,0.33561936494074524,0.389,ROPA
-0.04034512932040203,0.10290192874462065,-0.1066736163285267,-0.13821979743395202,-0.023510773623520505,0.0620306144319491,0.01971576026054668,0.04256519731210676,0.07568570113277862,0.2602470883586658,0.12507536813688927,0.2004595967221108,0.1198764558206671,0.2186557898288884,0.0,0.20069257683205663,0.07324041677622815,0.2306813203746045,0.0,0.11447493914723149,0.05824604500495422,0.16695524034669026,0.0,0.15570946151823484,2024-12-28,0.33561936494074524,0.407,ROPA
-0.07993288874314847,0.07017979240798805,-0.0965034578262395,-0.03783481025175701,0.13225953417173494,-0.027204507859347735,-0.03168252816133582,-0.01960332317988132,0.15366938587611123,0.13547319276933362,0.13287373661122254,0.2784432814654434,0.17706449129911103,0.12247591197877819,0.0,0.16532181739425753,0.0,0.2236184208558347,0.04095573000955959,0.04095573000955959,0.021523528855700535,0.13423029554808305,0.20029977947120384,0.17309469785580114,2025-01-29,0.33561936494074524,0.407,ROPA
-0.04034512932040203,0.10290192874462065,-0.1066736163285267,-0.13821979743395202,-0.023510773623520505,0.0620306144319491,0.01971576026054668,0.04256519731210676,0.10947863118822275,0.236851982935666,0.2134568775126662,0.16926612282477774,0.07568570113277862,0.19526068440588862,0.0,0.20069257683205663,0.07324041677622815,0.2306813203746045,0.0,0.11447493914723149,0.05824604500495422,0.16695524034669026,0.0,0.15570946151823484,2024-12-28,0.33561936494074524,0.444,ROPA
-0.07993288874314847,0.07017979240798805,-0.0965034578262395,-0.03783481025175701,0.13225953417173494,-0.027204507859347735,-0.03168252816133582,-0.01960332317988132,0.16926612282477774,0.13287373661122254,0.08088461344900079,0.23165307061944385,0.1978601405639997,0.18746231593155538,0.0,0.16532181739425753,0.0,0.2236184208558347,0.04095573000955959,0.04095573000955959,0.021523528855700535,0.13423029554808305,0.20029977947120384,0.17309469785580114,2025-01-29,0.33561936494074524,0.444,ROPA
-0.04034512932040203,0.10290192874462065,-0.1066736163285267,-0.13821979743395202,-0.023510773623520505,0.0620306144319491,0.01971576026054668,0.04256519731210676,0.10947863118822275,0.23425252677755493,0.12247591197877819,0.17966394745722208,0.1562688420342223,0.1978601405639997,0.0,0.20069257683205663,0.07324041677622815,0.2306813203746045,0.0,0.11447493914723149,0.05824604500495422,0.16695524034669026,0.0,0.15570946151823484,2024-12-28,0.33561936494074524,0.463,ROPA
-0.07993288874314847,0.07017979240798805,-0.0965034578262395,-0.03783481025175701,0.13225953417173494,-0.027204507859347735,-0.03168252816133582,-0.01960332317988132,0.17186557898288884,0.16666666666666666,0.10947863118822275,0.22905361446133274,0.1562688420342223,0.16666666666666666,0.0,0.16532181739425753,0.0,0.2236184208558347,0.04095573000955959,0.04095573000955959,0.021523528855700535,0.13423029554808305,0.20029977947120384,0.17309469785580114,2025-01-29,0.33561936494074524,0.463,ROPA
-0.04034512932040203,0.10290192874462065,-0.1066736163285267,-0.13821979743395202,-0.023510773623520505,0.0620306144319491,0.01971576026054668,0.04256519731210676,0.14067210508555578,0.13027428045311146,0.19006177208966643,0.2004595967221108,0.14327156124366688,0.19526068440588862,0.0,0.20069257683205663,0.07324041677622815,0.2306813203746045,0.0,0.11447493914723149,0.05824604500495422,0.16695524034669026,0.0,0.15570946151823484,2024-12-28,0.33561936494074524,0.5,ROPA
-0.07993288874314847,0.07017979240798805,-0.0965034578262395,-0.03783481025175701,0.13225953417173494,-0.027204507859347735,-0.03168252816133582,-0.01960332317988132,0.20825796519644407,0.0834840696071119,0.08608352576522298,0.2420508952518882,0.21865578982888842,0.16146775435044453,0.0,0.16532181739425753,0.0,0.2236184208558347,0.04095573000955959,0.04095573000955959,0.021523528855700535,0.13423029554808305,0.20029977947120384,0.17309469785580114,2025-01-29,0.33561936494074524,0.5,ROPA
