temperature_celsius,humidity,visibility_km,uv_index,cloud,air_quality_Ozone,air_quality_Nitrogen_dioxide,wind_direction_SSW,wind_direction_NW,wind_direction_SW,wind_direction_WSW,wind_direction_ENE,wind_direction_ESE,wind_direction_E,wind_direction_SSE,wind_direction_SE,wind_direction_S,wind_direction_N,wind_direction_NE,wind_direction_NNW,wind_direction_NNE,wind_direction_W,wind_direction_WNW,air_quality_us-epa-index_5,air_quality_us-epa-index_2,air_quality_us-epa-index_3,air_quality_us-epa-index_1,air_quality_us-epa-index_6,air_quality_us-epa-index_4,air_quality_gb-defra-index_1,air_quality_gb-defra-index_8,air_quality_gb-defra-index_5,air_quality_gb-defra-index_10,air_quality_gb-defra-index_6,air_quality_gb-defra-index_2,air_quality_gb-defra-index_4,air_quality_gb-defra-index_9,air_quality_gb-defra-index_7,air_quality_gb-defra-index_3,date,Fault Tolerance,attack_ratio,attacked_mode
-0.24823733682546636,0.15067291339336902,0.03427610132414194,-0.5629522770546965,-0.25475326144285904,-0.653551274970195,-0.8357913570017771,0.051864862839174825,0.0,0.10664324688948527,0.09447027265608295,0.11272973400618644,0.08838378553938178,0.06403783707257714,0.0,0.05795134995587599,0.09447027265608295,0.08229729842268063,0.09447027265608295,0.003172965905565536,0.08229729842268063,0.009259453022266696,0.05795134995587599,0.032899170192998234,0.3891802187304494,0.14329611481023663,0.15835024362167824,0.0,0.27627425264463745,0.272399565929772,0.0,0.09252212954089771,0.18046220955323625,0.10851123499768654,0.12450034045447538,0.0885248531767005,0.028565707713742432,0.0,0.10451395863348933,2024-12-21,0.16294123891261472,0.0,RPVA
-0.037775664594803054,0.06197957049223545,0.07174973717086502,-0.4271486120734045,-0.2048303951668354,-0.7144541381471853,-0.8611671620788107,0.10618733111789114,0.06479141060246564,0.06479141060246564,0.0,0.08031488079575021,0.0,0.0,0.0,0.04926794040918108,0.05444243047360926,0.1217108013111757,0.14758325163331665,0.06479141060246564,0.10101284105346296,0.0854893708601784,0.05961692053803745,0.0,0.3366401098073765,0.2315323330324715,0.2656923604843156,0.0002952241276804772,0.16583997254815588,0.2563095759969798,0.024181786219547356,0.09106606462999399,0.18155655895001002,0.03205052485607049,0.15795034304044062,0.1343441271308712,0.0,0.0,0.12254101917608654,2025-01-21,0.16294123891261472,0.0,RPVA
-0.24823733682546636,0.14594249772045373,0.03427610132414194,-0.5629522770546965,-0.25475326144285904,-0.653551274970195,-0.8357913570017771,0.051864862839174825,0.0,0.10664324688948527,0.09447027265608295,0.11272973400618644,0.08838378553938178,0.06403783707257714,0.0,0.05795134995587599,0.09447027265608295,0.08229729842268063,0.09447027265608295,0.003172965905565536,0.08229729842268063,0.009259453022266696,0.05795134995587599,0.032899170192998234,0.3891802187304494,0.14329611481023663,0.15835024362167824,0.0,0.27627425264463745,0.272399565929772,0.0,0.09252212954089771,0.18046220955323625,0.10851123499768654,0.12450034045447538,0.0885248531767005,0.028565707713742432,0.0,0.10451395863348933,2024-12-21,0.16294123891261472,0.019,RPVA
-0.037775664594803054,0.03046314559494002,0.07174973717086502,-0.4271486120734045,-0.2048303951668354,-0.7144541381471853,-0.8611671620788107,0.10618733111789114,0.06479141060246564,0.06479141060246564,0.0,0.08031488079575021,0.0,0.0,0.0,0.04926794040918108,0.05444243047360926,0.1217108013111757,0.14758325163331665,0.06479141060246564,0.10101284105346296,0.0854893708601784,0.05961692053803745,0.0,0.3366401098073765,0.2315323330324715,0.2656923604843156,0.0002952241276804772,0.16583997254815588,0.2563095759969798,0.024181786219547356,0.09106606462999399,0.18155655895001002,0.03205052485607049,0.15795034304044062,0.1343441271308712,0.0,0.0,0.12254101917608654,2025-01-21,0.16294123891261472,0.019,RPVA
-0.24823733682546636,0.17712166133842394,0.03427610132414194,-0.5629522770546965,-0.25475326144285904,-0.653551274970195,-0.8357913570017771,0.051864862839174825,0.0,0.10664324688948527,0.09447027265608295,0.11272973400618644,0.08838378553938178,0.06403783707257714,0.0,0.05795134995587599,0.09447027265608295,0.08229729842268063,0.09447027265608295,0.003172965905565536,0.08229729842268063,0.009259453022266696,0.05795134995587599,0.032899170192998234,0.3891802187304494,0.14329611481023663,0.15835024362167824,0.0,0.27627425264463745,0.272399565929772,0.0,0.09252212954089771,0.18046220955323625,0.10851123499768654,0.12450034045447538,0.0885248531767005,0.028565707713742432,0.0,0.10451395863348933,2024-12-21,0.16294123891261472,0.056,RPVA
-0.037775664594803054,-0.08871837261893556,0.07174973717086502,-0.4271486120734045,-0.2048303951668354,-0.7144541381471853,-0.8611671620788107,0.10618733111789114,0.06479141060246564,0.06479141060246564,0.0,0.08031488079575021,0.0,0.0,0.0,0.04926794040918108,0.05444243047360926,0.1217108013111757,0.14758325163331665,0.06479141060246564,0.10101284105346296,0.0854893708601784,0.05961692053803745,0.0,0.3366401098073765,0.2315323330324715,0.2656923604843156,0.0002952241276804772,0.16583997254815588,0.2563095759969798,0.024181786219547356,0.09106606462999399,0.18155655895001002,0.03205052485607049,0.15795034304044062,0.1343441271308712,0.0,0.0,0.12254101917608654,2025-01-21,0.16294123891261472,0.056,RPVA
-0.24823733682546636,0.1555803171931943,0.03427610132414194,-0.5629522770546965,-0.25475326144285904,-0.653551274970195,-0.8357913570017771,0.051864862839174825,0.0,0.10664324688948527,0.09447027265608295,0.11272973400618644,0.08838378553938178,0.06403783707257714,0.0,0.05795134995587599,0.09447027265608295,0.08229729842268063,0.09447027265608295,0.003172965905565536,0.08229729842268063,0.009259453022266696,0.05795134995587599,0.032899170192998234,0.3891802187304494,0.14329611481023663,0.15835024362167824,0.0,0.27627425264463745,0.272399565929772,0.0,0.09252212954089771,0.18046220955323625,0.10851123499768654,0.12450034045447538,0.0885248531767005,0.028565707713742432,0.0,0.10451395863348933,2024-12-21,0.16294123891261472,0.074,RPVA
-0.037775664594803054,0.024153524727463214,0.07174973717086502,-0.4271486120734045,-0.2048303951668354,-0.7144541381471853,-0.8611671620788107,0.10618733111789114,0.06479141060246564,0.06479141060246564,0.0,0.08031488079575021,0.0,0.0,0.0,0.04926794040918108,0.05444243047360926,0.1217108013111757,0.14758325163331665,0.06479141060246564,0.10101284105346296,0.0854893708601784,0.05961692053803745,0.0,0.3366401098073765,0.2315323330324715,0.2656923604843156,0.0002952241276804772,0.16583997254815588,0.2563095759969798,0.024181786219547356,0.09106606462999399,0.18155655895001002,0.03205052485607049,0.15795034304044062,0.1343441271308712,0.0,0.0,0.12254101917608654,2025-01-21,0.16294123891261472,0.074,RPVA
-0.24823733682546636,-0.03736145465279655,0.03427610132414194,-0.5629522770546965,-0.25475326144285904,-0.653551274970195,-0.8357913570017771,0.051864862839174825,0.0,0.10664324688948527,0.09447027265608295,0.11272973400618644,0.08838378553938178,0.06403783707257714,0.0,0.05795134995587599,0.09447027265608295,0.08229729842268063,0.09447027265608295,0.003172965905565536,0.08229729842268063,0.009259453022266696,0.05795134995587599,0.032899170192998234,0.3891802187304494,0.14329611481023663,0.15835024362167824,0.0,0.27627425264463745,0.272399565929772,0.0,0.09252212954089771,0.18046220955323625,0.10851123499768654,0.12450034045447538,0.0885248531767005,0.028565707713742432,0.0,0.10451395863348933,2024-12-21,0.16294123891261472,0.111,RPVA
-0.037775664594803054,0.004762485497559311,0.07174973717086502,-0.4271486120734045,-0.2048303951668354,-0.7144541381471853,-0.8611671620788107,0.10618733111789114,0.06479141060246564,0.06479141060246564,0.0,0.08031488079575021,0.0,0.0,0.0,0.04926794040918108,0.05444243047360926,0.1217108013111757,0.14758325163331665,0.06479141060246564,0.10101284105346296,0.0854893708601784,0.05961692053803745,0.0,0.3366401098073765,0.2315323330324715,0.2656923604843156,0.0002952241276804772,0.16583997254815588,0.2563095759969798,0.024181786219547356,0.09106606462999399,0.18155655895001002,0.03205052485607049,0.15795034304044062,0.1343441271308712,0.0,0.0,0.12254101917608654,2025-01-21,0.16294123891261472,0.111,RPVA
-0.24823733682546636,0.09732916822981859,0.03427610132414194,-0.5629522770546965,-0.25475326144285904,-0.653551274970195,-0.8357913570017771,0.051864862839174825,0.0,0.10664324688948527,0.09447027265608295,0.11272973400618644,0.08838378553938178,0.06403783707257714,0.0,0.05795134995587599,0.09447027265608295,0.08229729842268063,0.09447027265608295,0.003172965905565536,0.08229729842268063,0.009259453022266696,0.05795134995587599,0.032899170192998234,0.3891802187304494,0.14329611481023663,0.15835024362167824,0.0,0.27627425264463745,0.272399565929772,0.0,0.09252212954089771,0.18046220955323625,0.10851123499768654,0.12450034045447538,0.0885248531767005,0.028565707713742432,0.0,0.10451395863348933,2024-12-21,0.16294123891261472,0.148,RPVA
-0.037775664594803054,0.10426864057291108,0.07174973717086502,-0.4271486120734045,-0.2048303951668354,-0.7144541381471853,-0.8611671620788107,0.10618733111789114,0.06479141060246564,0.06479141060246564,0.0,0.08031488079575021,0.0,0.0,0.0,0.04926794040918108,0.05444243047360926,0.1217108013111757,0.14758325163331665,0.06479141060246564,0.10101284105346296,0.0854893708601784,0.05961692053803745,0.0,0.3366401098073765,0.2315323330324715,0.2656923604843156,0.0002952241276804772,0.16583997254815588,0.2563095759969798,0.024181786219547356,0.09106606462999399,0.18155655895001002,0.03205052485607049,0.15795034304044062,0.1343441271308712,0.0,0.0,0.12254101917608654,2025-01-21,0.16294123891261472,0.148,RPVA
-0.24823733682546636,-0.024860186264159534,0.03427610132414194,-0.5629522770546965,-0.25475326144285904,-0.653551274970195,-0.8357913570017771,0.051864862839174825,0.0,0.10664324688948527,0.09447027265608295,0.11272973400618644,0.08838378553938178,0.06403783707257714,0.0,0.05795134995587599,0.09447027265608295,0.08229729842268063,0.09447027265608295,0.003172965905565536,0.08229729842268063,0.009259453022266696,0.05795134995587599,0.032899170192998234,0.3891802187304494,0.14329611481023663,0.15835024362167824,0.0,0.27627425264463745,0.272399565929772,0.0,0.09252212954089771,0.18046220955323625,0.10851123499768654,0.12450034045447538,0.0885248531767005,0.028565707713742432,0.0,0.10451395863348933,2024-12-21,0.16294123891261472,0.167,RPVA
-0.037775664594803054,-0.06733145728019374,0.07174973717086502,-0.4271486120734045,-0.2048303951668354,-0.7144541381471853,-0.8611671620788107,0.10618733111789114,0.06479141060246564,0.06479141060246564,0.0,0.08031488079575021,0.0,0.0,0.0,0.04926794040918108,0.05444243047360926,0.1217108013111757,0.14758325163331665,0.06479141060246564,0.10101284105346296,0.0854893708601784,0.05961692053803745,0.0,0.3366401098073765,0.2315323330324715,0.2656923604843156,0.0002952241276804772,0.16583997254815588,0.2563095759969798,0.024181786219547356,0.09106606462999399,0.18155655895001002,0.03205052485607049,0.15795034304044062,0.1343441271308712,0.0,0.0,0.12254101917608654,2025-01-21,0.16294123891261472,0.167,RPVA
-0.24823733682546636,0.08024567125585223,0.03427610132414194,-0.5629522770546965,-0.25475326144285904,-0.653551274970195,-0.8357913570017771,0.051864862839174825,0.0,0.10664324688948527,0.09447027265608295,0.11272973400618644,0.08838378553938178,0.06403783707257714,0.0,0.05795134995587599,0.09447027265608295,0.08229729842268063,0.09447027265608295,0.003172965905565536,0.08229729842268063,0.009259453022266696,0.05795134995587599,0.032899170192998234,0.3891802187304494,0.14329611481023663,0.15835024362167824,0.0,0.27627425264463745,0.272399565929772,0.0,0.09252212954089771,0.18046220955323625,0.10851123499768654,0.12450034045447538,0.0885248531767005,0.028565707713742432,0.0,0.10451395863348933,2024-12-21,0.16294123891261472,0.204,RPVA
-0.037775664594803054,-0.043781198077717534,0.07174973717086502,-0.4271486120734045,-0.2048303951668354,-0.7144541381471853,-0.8611671620788107,0.10618733111789114,0.06479141060246564,0.06479141060246564,0.0,0.08031488079575021,0.0,0.0,0.0,0.04926794040918108,0.05444243047360926,0.1217108013111757,0.14758325163331665,0.06479141060246564,0.10101284105346296,0.0854893708601784,0.05961692053803745,0.0,0.3366401098073765,0.2315323330324715,0.2656923604843156,0.0002952241276804772,0.16583997254815588,0.2563095759969798,0.024181786219547356,0.09106606462999399,0.18155655895001002,0.03205052485607049,0.15795034304044062,0.1343441271308712,0.0,0.0,0.12254101917608654,2025-01-21,0.16294123891261472,0.204,RPVA
-0.24823733682546636,-0.08370497095221004,0.03427610132414194,-0.5629522770546965,-0.25475326144285904,-0.653551274970195,-0.8357913570017771,0.051864862839174825,0.0,0.10664324688948527,0.09447027265608295,0.11272973400618644,0.08838378553938178,0.06403783707257714,0.0,0.05795134995587599,0.09447027265608295,0.08229729842268063,0.09447027265608295,0.003172965905565536,0.08229729842268063,0.009259453022266696,0.05795134995587599,0.032899170192998234,0.3891802187304494,0.14329611481023663,0.15835024362167824,0.0,0.27627425264463745,0.272399565929772,0.0,0.09252212954089771,0.18046220955323625,0.10851123499768654,0.12450034045447538,0.0885248531767005,0.028565707713742432,0.0,0.10451395863348933,2024-12-21,0.16294123891261472,0.222,RPVA
-0.037775664594803054,-0.10418185070597746,0.07174973717086502,-0.4271486120734045,-0.2048303951668354,-0.7144541381471853,-0.8611671620788107,0.10618733111789114,0.06479141060246564,0.06479141060246564,0.0,0.08031488079575021,0.0,0.0,0.0,0.04926794040918108,0.05444243047360926,0.1217108013111757,0.14758325163331665,0.06479141060246564,0.10101284105346296,0.0854893708601784,0.05961692053803745,0.0,0.3366401098073765,0.2315323330324715,0.2656923604843156,0.0002952241276804772,0.16583997254815588,0.2563095759969798,0.024181786219547356,0.09106606462999399,0.18155655895001002,0.03205052485607049,0.15795034304044062,0.1343441271308712,0.0,0.0,0.12254101917608654,2025-01-21,0.16294123891261472,0.222,RPVA
-0.24823733682546636,-0.03520329378602884,0.03427610132414194,-0.5629522770546965,-0.25475326144285904,-0.653551274970195,-0.8357913570017771,0.051864862839174825,0.0,0.10664324688948527,0.09447027265608295,0.11272973400618644,0.08838378553938178,0.06403783707257714,0.0,0.05795134995587599,0.09447027265608295,0.08229729842268063,0.09447027265608295,0.003172965905565536,0.08229729842268063,0.009259453022266696,0.05795134995587599,0.032899170192998234,0.3891802187304494,0.14329611481023663,0.15835024362167824,0.0,0.27627425264463745,0.272399565929772,0.0,0.09252212954089771,0.18046220955323625,0.10851123499768654,0.12450034045447538,0.0885248531767005,0.028565707713742432,0.0,0.10451395863348933,2024-12-21,0.16294123891261472,0.259,RPVA
-0.037775664594803054,-0.10160292347823913,0.07174973717086502,-0.4271486120734045,-0.2048303951668354,-0.7144541381471853,-0.8611671620788107,0.10618733111789114,0.06479141060246564,0.06479141060246564,0.0,0.08031488079575021,0.0,0.0,0.0,0.04926794040918108,0.05444243047360926,0.1217108013111757,0.14758325163331665,0.06479141060246564,0.10101284105346296,0.0854893708601784,0.05961692053803745,0.0,0.3366401098073765,0.2315323330324715,0.2656923604843156,0.0002952241276804772,0.16583997254815588,0.2563095759969798,0.024181786219547356,0.09106606462999399,0.18155655895001002,0.03205052485607049,0.15795034304044062,0.1343441271308712,0.0,0.0,0.12254101917608654,2025-01-21,0.16294123891261472,0.259,RPVA
-0.24823733682546636,0.03316698713233803,0.03427610132414194,-0.5629522770546965,-0.25475326144285904,-0.653551274970195,-0.8357913570017771,0.051864862839174825,0.0,0.10664324688948527,0.09447027265608295,0.11272973400618644,0.08838378553938178,0.06403783707257714,0.0,0.05795134995587599,0.09447027265608295,0.08229729842268063,0.09447027265608295,0.003172965905565536,0.08229729842268063,0.009259453022266696,0.05795134995587599,0.032899170192998234,0.3891802187304494,0.14329611481023663,0.15835024362167824,0.0,0.27627425264463745,0.272399565929772,0.0,0.09252212954089771,0.18046220955323625,0.10851123499768654,0.12450034045447538,0.0885248531767005,0.028565707713742432,0.0,0.10451395863348933,2024-12-21,0.16294123891261472,0.296,RPVA
-0.037775664594803054,-0.16343919213673885,0.07174973717086502,-0.4271486120734045,-0.2048303951668354,-0.7144541381471853,-0.8611671620788107,0.10618733111789114,0.06479141060246564,0.06479141060246564,0.0,0.08031488079575021,0.0,0.0,0.0,0.04926794040918108,0.05444243047360926,0.1217108013111757,0.14758325163331665,0.06479141060246564,0.10101284105346296,0.0854893708601784,0.05961692053803745,0.0,0.3366401098073765,0.2315323330324715,0.2656923604843156,0.0002952241276804772,0.16583997254815588,0.2563095759969798,0.024181786219547356,0.09106606462999399,0.18155655895001002,0.03205052485607049,0.15795034304044062,0.1343441271308712,0.0,0.0,0.12254101917608654,2025-01-21,0.16294123891261472,0.296,RPVA
-0.24823733682546636,0.15067291339336902,0.03427610132414194,-0.5629522770546965,-0.25475326144285904,-0.653551274970195,-0.8357913570017771,0.051864862839174825,0.0,0.10664324688948527,0.09447027265608295,0.11272973400618644,0.08838378553938178,0.06403783707257714,0.0,0.05795134995587599,0.09447027265608295,0.08229729842268063,0.09447027265608295,0.003172965905565536,0.08229729842268063,0.009259453022266696,0.05795134995587599,0.032899170192998234,0.3891802187304494,0.14329611481023663,0.15835024362167824,0.0,0.27627425264463745,0.272399565929772,0.0,0.09252212954089771,0.18046220955323625,0.10851123499768654,0.12450034045447538,0.0885248531767005,0.028565707713742432,0.0,0.10451395863348933,2024-12-21,0.16294123891261472,0.0,RIA
-0.037775664594803054,0.06197957049223545,0.07174973717086502,-0.4271486120734045,-0.2048303951668354,-0.7144541381471853,-0.8611671620788107,0.10618733111789114,0.06479141060246564,0.06479141060246564,0.0,0.08031488079575021,0.0,0.0,0.0,0.04926794040918108,0.05444243047360926,0.1217108013111757,0.14758325163331665,0.06479141060246564,0.10101284105346296,0.0854893708601784,0.05961692053803745,0.0,0.3366401098073765,0.2315323330324715,0.2656923604843156,0.0002952241276804772,0.16583997254815588,0.2563095759969798,0.024181786219547356,0.09106606462999399,0.18155655895001002,0.03205052485607049,0.15795034304044062,0.1343441271308712,0.0,0.0,0.12254101917608654,2025-01-21,0.16294123891261472,0.0,RIA
-0.24823733682546636,0.14146719908869654,0.03427610132414194,-0.5629522770546965,-0.25475326144285904,-0.653551274970195,-0.8357913570017771,0.051864862839174825,0.0,0.10664324688948527,0.09447027265608295,0.11272973400618644,0.08838378553938178,0.06403783707257714,0.0,0.05795134995587599,0.09447027265608295,0.08229729842268063,0.09447027265608295,0.003172965905565536,0.08229729842268063,0.009259453022266696,0.05795134995587599,0.032899170192998234,0.3891802187304494,0.14329611481023663,0.15835024362167824,0.0,0.27627425264463745,0.272399565929772,0.0,0.09252212954089771,0.18046220955323625,0.10851123499768654,0.12450034045447538,0.0885248531767005,0.028565707713742432,0.0,0.10451395863348933,2024-12-21,0.16294123891261472,0.019,RIA
-0.037775664594803054,0.09004876354115468,0.07174973717086502,-0.4271486120734045,-0.2048303951668354,-0.7144541381471853,-0.8611671620788107,0.10618733111789114,0.06479141060246564,0.06479141060246564,0.0,0.08031488079575021,0.0,0.0,0.0,0.04926794040918108,0.05444243047360926,0.1217108013111757,0.14758325163331665,0.06479141060246564,0.10101284105346296,0.0854893708601784,0.05961692053803745,0.0,0.3366401098073765,0.2315323330324715,0.2656923604843156,0.0002952241276804772,0.16583997254815588,0.2563095759969798,0.024181786219547356,0.09106606462999399,0.18155655895001002,0.03205052485607049,0.15795034304044062,0.1343441271308712,0.0,0.0,0.12254101917608654,2025-01-21,0.16294123891261472,0.019,RIA
-0.24823733682546636,0.14974803696368852,0.03427610132414194,-0.5629522770546965,-0.25475326144285904,-0.653551274970195,-0.8357913570017771,0.051864862839174825,0.0,0.10664324688948527,0.09447027265608295,0.11272973400618644,0.08838378553938178,0.06403783707257714,0.0,0.05795134995587599,0.09447027265608295,0.08229729842268063,0.09447027265608295,0.003172965905565536,0.08229729842268063,0.009259453022266696,0.05795134995587599,0.032899170192998234,0.3891802187304494,0.14329611481023663,0.15835024362167824,0.0,0.27627425264463745,0.272399565929772,0.0,0.09252212954089771,0.18046220955323625,0.10851123499768654,0.12450034045447538,0.0885248531767005,0.028565707713742432,0.0,0.10451395863348933,2024-12-21,0.16294123891261472,0.056,RIA
-0.037775664594803054,0.08788338834021042,0.07174973717086502,-0.4271486120734045,-0.2048303951668354,-0.7144541381471853,-0.8611671620788107,0.10618733111789114,0.06479141060246564,0.06479141060246564,0.0,0.08031488079575021,0.0,0.0,0.0,0.04926794040918108,0.05444243047360926,0.1217108013111757,0.14758325163331665,0.06479141060246564,0.10101284105346296,0.0854893708601784,0.05961692053803745,0.0,0.3366401098073765,0.2315323330324715,0.2656923604843156,0.0002952241276804772,0.16583997254815588,0.2563095759969798,0.024181786219547356,0.09106606462999399,0.18155655895001002,0.03205052485607049,0.15795034304044062,0.1343441271308712,0.0,0.0,0.12254101917608654,2025-01-21,0.16294123891261472,0.056,RIA
-0.24823733682546636,0.1283787926697838,0.03427610132414194,-0.5629522770546965,-0.25475326144285904,-0.653551274970195,-0.8357913570017771,0.051864862839174825,0.0,0.10664324688948527,0.09447027265608295,0.11272973400618644,0.08838378553938178,0.06403783707257714,0.0,0.05795134995587599,0.09447027265608295,0.08229729842268063,0.09447027265608295,0.003172965905565536,0.08229729842268063,0.009259453022266696,0.05795134995587599,0.032899170192998234,0.3891802187304494,0.14329611481023663,0.15835024362167824,0.0,0.27627425264463745,0.272399565929772,0.0,0.09252212954089771,0.18046220955323625,0.10851123499768654,0.12450034045447538,0.0885248531767005,0.028565707713742432,0.0,0.10451395863348933,2024-12-21,0.16294123891261472,0.074,RIA
-0.037775664594803054,0.06203799981065563,0.07174973717086502,-0.4271486120734045,-0.2048303951668354,-0.7144541381471853,-0.8611671620788107,0.10618733111789114,0.06479141060246564,0.06479141060246564,0.0,0.08031488079575021,0.0,0.0,0.0,0.04926794040918108,0.05444243047360926,0.1217108013111757,0.14758325163331665,0.06479141060246564,0.10101284105346296,0.0854893708601784,0.05961692053803745,0.0,0.3366401098073765,0.2315323330324715,0.2656923604843156,0.0002952241276804772,0.16583997254815588,0.2563095759969798,0.024181786219547356,0.09106606462999399,0.18155655895001002,0.03205052485607049,0.15795034304044062,0.1343441271308712,0.0,0.0,0.12254101917608654,2025-01-21,0.16294123891261472,0.074,RIA
-0.24823733682546636,0.1916050181533222,0.03427610132414194,-0.5629522770546965,-0.25475326144285904,-0.653551274970195,-0.8357913570017771,0.051864862839174825,0.0,0.10664324688948527,0.09447027265608295,0.11272973400618644,0.08838378553938178,0.06403783707257714,0.0,0.05795134995587599,0.09447027265608295,0.08229729842268063,0.09447027265608295,0.003172965905565536,0.08229729842268063,0.009259453022266696,0.05795134995587599,0.032899170192998234,0.3891802187304494,0.14329611481023663,0.15835024362167824,0.0,0.27627425264463745,0.272399565929772,0.0,0.09252212954089771,0.18046220955323625,0.10851123499768654,0.12450034045447538,0.0885248531767005,0.028565707713742432,0.0,0.10451395863348933,2024-12-21,0.16294123891261472,0.111,RIA
-0.037775664594803054,0.07995635047425673,0.07174973717086502,-0.4271486120734045,-0.2048303951668354,-0.7144541381471853,-0.8611671620788107,0.10618733111789114,0.06479141060246564,0.06479141060246564,0.0,0.08031488079575021,0.0,0.0,0.0,0.04926794040918108,0.05444243047360926,0.1217108013111757,0.14758325163331665,0.06479141060246564,0.10101284105346296,0.0854893708601784,0.05961692053803745,0.0,0.3366401098073765,0.2315323330324715,0.2656923604843156,0.0002952241276804772,0.16583997254815588,0.2563095759969798,0.024181786219547356,0.09106606462999399,0.18155655895001002,0.03205052485607049,0.15795034304044062,0.1343441271308712,0.0,0.0,0.12254101917608654,2025-01-21,0.16294123891261472,0.111,RIA
-0.24823733682546636,0.18638203099064263,0.03427610132414194,-0.5629522770546965,-0.25475326144285904,-0.653551274970195,-0.8357913570017771,0.051864862839174825,0.0,0.10664324688948527,0.09447027265608295,0.11272973400618644,0.08838378553938178,0.06403783707257714,0.0,0.05795134995587599,0.09447027265608295,0.08229729842268063,0.09447027265608295,0.003172965905565536,0.08229729842268063,0.009259453022266696,0.05795134995587599,0.032899170192998234,0.3891802187304494,0.14329611481023663,0.15835024362167824,0.0,0.27627425264463745,0.272399565929772,0.0,0.09252212954089771,0.18046220955323625,0.10851123499768654,0.12450034045447538,0.0885248531767005,0.028565707713742432,0.0,0.10451395863348933,2024-12-21,0.16294123891261472,0.148,RIA
-0.037775664594803054,0.14237515453237215,0.07174973717086502,-0.4271486120734045,-0.2048303951668354,-0.7144541381471853,-0.8611671620788107,0.10618733111789114,0.06479141060246564,0.06479141060246564,0.0,0.08031488079575021,0.0,0.0,0.0,0.04926794040918108,0.05444243047360926,0.1217108013111757,0.14758325163331665,0.06479141060246564,0.10101284105346296,0.0854893708601784,0.05961692053803745,0.0,0.3366401098073765,0.2315323330324715,0.2656923604843156,0.0002952241276804772,0.16583997254815588,0.2563095759969798,0.024181786219547356,0.09106606462999399,0.18155655895001002,0.03205052485607049,0.15795034304044062,0.1343441271308712,0.0,0.0,0.12254101917608654,2025-01-21,0.16294123891261472,0.148,RIA
-0.24823733682546636,0.11978290702179441,0.03427610132414194,-0.5629522770546965,-0.25475326144285904,-0.653551274970195,-0.8357913570017771,0.051864862839174825,0.0,0.10664324688948527,0.09447027265608295,0.11272973400618644,0.08838378553938178,0.06403783707257714,0.0,0.05795134995587599,0.09447027265608295,0.08229729842268063,0.09447027265608295,0.003172965905565536,0.08229729842268063,0.009259453022266696,0.05795134995587599,0.032899170192998234,0.3891802187304494,0.14329611481023663,0.15835024362167824,0.0,0.27627425264463745,0.272399565929772,0.0,0.09252212954089771,0.18046220955323625,0.10851123499768654,0.12450034045447538,0.0885248531767005,0.028565707713742432,0.0,0.10451395863348933,2024-12-21,0.16294123891261472,0.167,RIA
-0.037775664594803054,0.10712598046876998,0.07174973717086502,-0.4271486120734045,-0.2048303951668354,-0.7144541381471853,-0.8611671620788107,0.10618733111789114,0.06479141060246564,0.06479141060246564,0.0,0.08031488079575021,0.0,0.0,0.0,0.04926794040918108,0.05444243047360926,0.1217108013111757,0.14758325163331665,0.06479141060246564,0.10101284105346296,0.0854893708601784,0.05961692053803745,0.0,0.3366401098073765,0.2315323330324715,0.2656923604843156,0.0002952241276804772,0.16583997254815588,0.2563095759969798,0.024181786219547356,0.09106606462999399,0.18155655895001002,0.03205052485607049,0.15795034304044062,0.1343441271308712,0.0,0.0,0.12254101917608654,2025-01-21,0.16294123891261472,0.167,RIA
-0.24823733682546636,0.19349592113951244,0.03427610132414194,-0.5629522770546965,-0.25475326144285904,-0.653551274970195,-0.8357913570017771,0.051864862839174825,0.0,0.10664324688948527,0.09447027265608295,0.11272973400618644,0.08838378553938178,0.06403783707257714,0.0,0.05795134995587599,0.09447027265608295,0.08229729842268063,0.09447027265608295,0.003172965905565536,0.08229729842268063,0.009259453022266696,0.05795134995587599,0.032899170192998234,0.3891802187304494,0.14329611481023663,0.15835024362167824,0.0,0.27627425264463745,0.272399565929772,0.0,0.09252212954089771,0.18046220955323625,0.10851123499768654,0.12450034045447538,0.0885248531767005,0.028565707713742432,0.0,0.10451395863348933,2024-12-21,0.16294123891261472,0.204,RIA
-0.037775664594803054,0.12076119251862008,0.07174973717086502,-0.4271486120734045,-0.2048303951668354,-0.7144541381471853,-0.8611671620788107,0.10618733111789114,0.06479141060246564,0.06479141060246564,0.0,0.08031488079575021,0.0,0.0,0.0,0.04926794040918108,0.05444243047360926,0.1217108013111757,0.14758325163331665,0.06479141060246564,0.10101284105346296,0.0854893708601784,0.05961692053803745,0.0,0.3366401098073765,0.2315323330324715,0.2656923604843156,0.0002952241276804772,0.16583997254815588,0.2563095759969798,0.024181786219547356,0.09106606462999399,0.18155655895001002,0.03205052485607049,0.15795034304044062,0.1343441271308712,0.0,0.0,0.12254101917608654,2025-01-21,0.16294123891261472,0.204,RIA
-0.24823733682546636,0.19581384167997296,0.03427610132414194,-0.5629522770546965,-0.25475326144285904,-0.653551274970195,-0.8357913570017771,0.051864862839174825,0.0,0.10664324688948527,0.09447027265608295,0.11272973400618644,0.08838378553938178,0.06403783707257714,0.0,0.05795134995587599,0.09447027265608295,0.08229729842268063,0.09447027265608295,0.003172965905565536,0.08229729842268063,0.009259453022266696,0.05795134995587599,0.032899170192998234,0.3891802187304494,0.14329611481023663,0.15835024362167824,0.0,0.27627425264463745,0.272399565929772,0.0,0.09252212954089771,0.18046220955323625,0.10851123499768654,0.12450034045447538,0.0885248531767005,0.028565707713742432,0.0,0.10451395863348933,2024-12-21,0.16294123891261472,0.222,RIA
-0.037775664594803054,0.06256313444592507,0.07174973717086502,-0.4271486120734045,-0.2048303951668354,-0.7144541381471853,-0.8611671620788107,0.10618733111789114,0.06479141060246564,0.06479141060246564,0.0,0.08031488079575021,0.0,0.0,0.0,0.04926794040918108,0.05444243047360926,0.1217108013111757,0.14758325163331665,0.06479141060246564,0.10101284105346296,0.0854893708601784,0.05961692053803745,0.0,0.3366401098073765,0.2315323330324715,0.2656923604843156,0.0002952241276804772,0.16583997254815588,0.2563095759969798,0.024181786219547356,0.09106606462999399,0.18155655895001002,0.03205052485607049,0.15795034304044062,0.1343441271308712,0.0,0.0,0.12254101917608654,2025-01-21,0.16294123891261472,0.222,RIA
-0.24823733682546636,0.13184534880769033,0.03427610132414194,-0.5629522770546965,-0.25475326144285904,-0.653551274970195,-0.8357913570017771,0.051864862839174825,0.0,0.10664324688948527,0.09447027265608295,0.11272973400618644,0.08838378553938178,0.06403783707257714,0.0,0.05795134995587599,0.09447027265608295,0.08229729842268063,0.09447027265608295,0.003172965905565536,0.08229729842268063,0.009259453022266696,0.05795134995587599,0.032899170192998234,0.3891802187304494,0.14329611481023663,0.15835024362167824,0.0,0.27627425264463745,0.272399565929772,0.0,0.09252212954089771,0.18046220955323625,0.10851123499768654,0.12450034045447538,0.0885248531767005,0.028565707713742432,0.0,0.10451395863348933,2024-12-21,0.16294123891261472,0.259,RIA
-0.037775664594803054,0.1052347678476433,0.07174973717086502,-0.4271486120734045,-0.2048303951668354,-0.7144541381471853,-0.8611671620788107,0.10618733111789114,0.06479141060246564,0.06479141060246564,0.0,0.08031488079575021,0.0,0.0,0.0,0.04926794040918108,0.05444243047360926,0.1217108013111757,0.14758325163331665,0.06479141060246564,0.10101284105346296,0.0854893708601784,0.05961692053803745,0.0,0.3366401098073765,0.2315323330324715,0.2656923604843156,0.0002952241276804772,0.16583997254815588,0.2563095759969798,0.024181786219547356,0.09106606462999399,0.18155655895001002,0.03205052485607049,0.15795034304044062,0.1343441271308712,0.0,0.0,0.12254101917608654,2025-01-21,0.16294123891261472,0.259,RIA
-0.24823733682546636,0.08900186640913328,0.03427610132414194,-0.5629522770546965,-0.25475326144285904,-0.653551274970195,-0.8357913570017771,0.051864862839174825,0.0,0.10664324688948527,0.09447027265608295,0.11272973400618644,0.08838378553938178,0.06403783707257714,0.0,0.05795134995587599,0.09447027265608295,0.08229729842268063,0.09447027265608295,0.003172965905565536,0.08229729842268063,0.009259453022266696,0.05795134995587599,0.032899170192998234,0.3891802187304494,0.14329611481023663,0.15835024362167824,0.0,0.27627425264463745,0.272399565929772,0.0,0.09252212954089771,0.18046220955323625,0.10851123499768654,0.12450034045447538,0.0885248531767005,0.028565707713742432,0.0,0.10451395863348933,2024-12-21,0.16294123891261472,0.296,RIA
-0.037775664594803054,0.09811899297035305,0.07174973717086502,-0.4271486120734045,-0.2048303951668354,-0.7144541381471853,-0.8611671620788107,0.10618733111789114,0.06479141060246564,0.06479141060246564,0.0,0.08031488079575021,0.0,0.0,0.0,0.04926794040918108,0.05444243047360926,0.1217108013111757,0.14758325163331665,0.06479141060246564,0.10101284105346296,0.0854893708601784,0.05961692053803745,0.0,0.3366401098073765,0.2315323330324715,0.2656923604843156,0.0002952241276804772,0.16583997254815588,0.2563095759969798,0.024181786219547356,0.09106606462999399,0.18155655895001002,0.03205052485607049,0.15795034304044062,0.1343441271308712,0.0,0.0,0.12254101917608654,2025-01-21,0.16294123891261472,0.296,RIA
-0.24823733682546636,0.15067291339336902,0.03427610132414194,-0.5629522770546965,-0.25475326144285904,-0.653551274970195,-0.8357913570017771,0.051864862839174825,0.0,0.10664324688948527,0.09447027265608295,0.11272973400618644,0.08838378553938178,0.06403783707257714,0.0,0.05795134995587599,0.09447027265608295,0.08229729842268063,0.09447027265608295,0.003172965905565536,0.08229729842268063,0.009259453022266696,0.05795134995587599,0.032899170192998234,0.3891802187304494,0.14329611481023663,0.15835024362167824,0.0,0.27627425264463745,0.272399565929772,0.0,0.09252212954089771,0.18046220955323625,0.10851123499768654,0.12450034045447538,0.0885248531767005,0.028565707713742432,0.0,0.10451395863348933,2024-12-21,0.16294123891261472,0.0,RPA
-0.037775664594803054,0.06197957049223545,0.07174973717086502,-0.4271486120734045,-0.2048303951668354,-0.7144541381471853,-0.8611671620788107,0.10618733111789114,0.06479141060246564,0.06479141060246564,0.0,0.08031488079575021,0.0,0.0,0.0,0.04926794040918108,0.05444243047360926,0.1217108013111757,0.14758325163331665,0.06479141060246564,0.10101284105346296,0.0854893708601784,0.05961692053803745,0.0,0.3366401098073765,0.2315323330324715,0.2656923604843156,0.0002952241276804772,0.16583997254815588,0.2563095759969798,0.024181786219547356,0.09106606462999399,0.18155655895001002,0.03205052485607049,0.15795034304044062,0.1343441271308712,0.0,0.0,0.12254101917608654,2025-01-21,0.16294123891261472,0.0,RPA
-0.24823733682546636,0.13228209632962126,0.03427610132414194,-0.5629522770546965,-0.25475326144285904,-0.653551274970195,-0.8357913570017771,0.051864862839174825,0.0,0.10664324688948527,0.09447027265608295,0.11272973400618644,0.08838378553938178,0.06403783707257714,0.0,0.05795134995587599,0.09447027265608295,0.08229729842268063,0.09447027265608295,0.003172965905565536,0.08229729842268063,0.009259453022266696,0.05795134995587599,0.032899170192998234,0.3891802187304494,0.14329611481023663,0.15835024362167824,0.0,0.27627425264463745,0.272399565929772,0.0,0.09252212954089771,0.18046220955323625,0.10851123499768654,0.12450034045447538,0.0885248531767005,0.028565707713742432,0.0,0.10451395863348933,2024-12-21,0.16294123891261472,0.019,RPA
-0.037775664594803054,0.08659790644452105,0.07174973717086502,-0.4271486120734045,-0.2048303951668354,-0.7144541381471853,-0.8611671620788107,0.10618733111789114,0.06479141060246564,0.06479141060246564,0.0,0.08031488079575021,0.0,0.0,0.0,0.04926794040918108,0.05444243047360926,0.1217108013111757,0.14758325163331665,0.06479141060246564,0.10101284105346296,0.0854893708601784,0.05961692053803745,0.0,0.3366401098073765,0.2315323330324715,0.2656923604843156,0.0002952241276804772,0.16583997254815588,0.2563095759969798,0.024181786219547356,0.09106606462999399,0.18155655895001002,0.03205052485607049,0.15795034304044062,0.1343441271308712,0.0,0.0,0.12254101917608654,2025-01-21,0.16294123891261472,0.019,RPA
-0.24823733682546636,0.21391005914739084,0.03427610132414194,-0.5629522770546965,-0.25475326144285904,-0.653551274970195,-0.8357913570017771,0.051864862839174825,0.0,0.10664324688948527,0.09447027265608295,0.11272973400618644,0.08838378553938178,0.06403783707257714,0.0,0.05795134995587599,0.09447027265608295,0.08229729842268063,0.09447027265608295,0.003172965905565536,0.08229729842268063,0.009259453022266696,0.05795134995587599,0.032899170192998234,0.3891802187304494,0.14329611481023663,0.15835024362167824,0.0,0.27627425264463745,0.272399565929772,0.0,0.09252212954089771,0.18046220955323625,0.10851123499768654,0.12450034045447538,0.0885248531767005,0.028565707713742432,0.0,0.10451395863348933,2024-12-21,0.16294123891261472,0.056,RPA
-0.037775664594803054,0.10869026963748987,0.07174973717086502,-0.4271486120734045,-0.2048303951668354,-0.7144541381471853,-0.8611671620788107,0.10618733111789114,0.06479141060246564,0.06479141060246564,0.0,0.08031488079575021,0.0,0.0,0.0,0.04926794040918108,0.05444243047360926,0.1217108013111757,0.14758325163331665,0.06479141060246564,0.10101284105346296,0.0854893708601784,0.05961692053803745,0.0,0.3366401098073765,0.2315323330324715,0.2656923604843156,0.0002952241276804772,0.16583997254815588,0.2563095759969798,0.024181786219547356,0.09106606462999399,0.18155655895001002,0.03205052485607049,0.15795034304044062,0.1343441271308712,0.0,0.0,0.12254101917608654,2025-01-21,0.16294123891261472,0.056,RPA
-0.24823733682546636,0.128498056941239,0.03427610132414194,-0.5629522770546965,-0.25475326144285904,-0.653551274970195,-0.8357913570017771,0.051864862839174825,0.0,0.10664324688948527,0.09447027265608295,0.11272973400618644,0.08838378553938178,0.06403783707257714,0.0,0.05795134995587599,0.09447027265608295,0.08229729842268063,0.09447027265608295,0.003172965905565536,0.08229729842268063,0.009259453022266696,0.05795134995587599,0.032899170192998234,0.3891802187304494,0.14329611481023663,0.15835024362167824,0.0,0.27627425264463745,0.272399565929772,0.0,0.09252212954089771,0.18046220955323625,0.10851123499768654,0.12450034045447538,0.0885248531767005,0.028565707713742432,0.0,0.10451395863348933,2024-12-21,0.16294123891261472,0.074,RPA
-0.037775664594803054,0.007374282231390622,0.07174973717086502,-0.4271486120734045,-0.2048303951668354,-0.7144541381471853,-0.8611671620788107,0.10618733111789114,0.06479141060246564,0.06479141060246564,0.0,0.08031488079575021,0.0,0.0,0.0,0.04926794040918108,0.05444243047360926,0.1217108013111757,0.14758325163331665,0.06479141060246564,0.10101284105346296,0.0854893708601784,0.05961692053803745,0.0,0.3366401098073765,0.2315323330324715,0.2656923604843156,0.0002952241276804772,0.16583997254815588,0.2563095759969798,0.024181786219547356,0.09106606462999399,0.18155655895001002,0.03205052485607049,0.15795034304044062,0.1343441271308712,0.0,0.0,0.12254101917608654,2025-01-21,0.16294123891261472,0.074,RPA
-0.24823733682546636,0.16904095086981502,0.03427610132414194,-0.5629522770546965,-0.25475326144285904,-0.653551274970195,-0.8357913570017771,0.051864862839174825,0.0,0.10664324688948527,0.09447027265608295,0.11272973400618644,0.08838378553938178,0.06403783707257714,0.0,0.05795134995587599,0.09447027265608295,0.08229729842268063,0.09447027265608295,0.003172965905565536,0.08229729842268063,0.009259453022266696,0.05795134995587599,0.032899170192998234,0.3891802187304494,0.14329611481023663,0.15835024362167824,0.0,0.27627425264463745,0.272399565929772,0.0,0.09252212954089771,0.18046220955323625,0.10851123499768654,0.12450034045447538,0.0885248531767005,0.028565707713742432,0.0,0.10451395863348933,2024-12-21,0.16294123891261472,0.111,RPA
-0.037775664594803054,0.06473043290066645,0.07174973717086502,-0.4271486120734045,-0.2048303951668354,-0.7144541381471853,-0.8611671620788107,0.10618733111789114,0.06479141060246564,0.06479141060246564,0.0,0.08031488079575021,0.0,0.0,0.0,0.04926794040918108,0.05444243047360926,0.1217108013111757,0.14758325163331665,0.06479141060246564,0.10101284105346296,0.0854893708601784,0.05961692053803745,0.0,0.3366401098073765,0.2315323330324715,0.2656923604843156,0.0002952241276804772,0.16583997254815588,0.2563095759969798,0.024181786219547356,0.09106606462999399,0.18155655895001002,0.03205052485607049,0.15795034304044062,0.1343441271308712,0.0,0.0,0.12254101917608654,2025-01-21,0.16294123891261472,0.111,RPA
-0.24823733682546636,0.09375732359600837,0.03427610132414194,-0.5629522770546965,-0.25475326144285904,-0.653551274970195,-0.8357913570017771,0.051864862839174825,0.0,0.10664324688948527,0.09447027265608295,0.11272973400618644,0.08838378553938178,0.06403783707257714,0.0,0.05795134995587599,0.09447027265608295,0.08229729842268063,0.09447027265608295,0.003172965905565536,0.08229729842268063,0.009259453022266696,0.05795134995587599,0.032899170192998234,0.3891802187304494,0.14329611481023663,0.15835024362167824,0.0,0.27627425264463745,0.272399565929772,0.0,0.09252212954089771,0.18046220955323625,0.10851123499768654,0.12450034045447538,0.0885248531767005,0.028565707713742432,0.0,0.10451395863348933,2024-12-21,0.16294123891261472,0.148,RPA
-0.037775664594803054,0.04688034447119691,0.07174973717086502,-0.4271486120734045,-0.2048303951668354,-0.7144541381471853,-0.8611671620788107,0.10618733111789114,0.06479141060246564,0.06479141060246564,0.0,0.08031488079575021,0.0,0.0,0.0,0.04926794040918108,0.05444243047360926,0.1217108013111757,0.14758325163331665,0.06479141060246564,0.10101284105346296,0.0854893708601784,0.05961692053803745,0.0,0.3366401098073765,0.2315323330324715,0.2656923604843156,0.0002952241276804772,0.16583997254815588,0.2563095759969798,0.024181786219547356,0.09106606462999399,0.18155655895001002,0.03205052485607049,0.15795034304044062,0.1343441271308712,0.0,0.0,0.12254101917608654,2025-01-21,0.16294123891261472,0.148,RPA
-0.24823733682546636,0.06384097058779968,0.03427610132414194,-0.5629522770546965,-0.25475326144285904,-0.653551274970195,-0.8357913570017771,0.051864862839174825,0.0,0.10664324688948527,0.09447027265608295,0.11272973400618644,0.08838378553938178,0.06403783707257714,0.0,0.05795134995587599,0.09447027265608295,0.08229729842268063,0.09447027265608295,0.003172965905565536,0.08229729842268063,0.009259453022266696,0.05795134995587599,0.032899170192998234,0.3891802187304494,0.14329611481023663,0.15835024362167824,0.0,0.27627425264463745,0.272399565929772,0.0,0.09252212954089771,0.18046220955323625,0.10851123499768654,0.12450034045447538,0.0885248531767005,0.028565707713742432,0.0,0.10451395863348933,2024-12-21,0.16294123891261472,0.167,RPA
-0.037775664594803054,-0.07720996554061633,0.07174973717086502,-0.4271486120734045,-0.2048303951668354,-0.7144541381471853,-0.8611671620788107,0.10618733111789114,0.06479141060246564,0.06479141060246564,0.0,0.08031488079575021,0.0,0.0,0.0,0.04926794040918108,0.05444243047360926,0.1217108013111757,0.14758325163331665,0.06479141060246564,0.10101284105346296,0.0854893708601784,0.05961692053803745,0.0,0.3366401098073765,0.2315323330324715,0.2656923604843156,0.0002952241276804772,0.16583997254815588,0.2563095759969798,0.024181786219547356,0.09106606462999399,0.18155655895001002,0.03205052485607049,0.15795034304044062,0.1343441271308712,0.0,0.0,0.12254101917608654,2025-01-21,0.16294123891261472,0.167,RPA
-0.24823733682546636,0.11490860202548045,0.03427610132414194,-0.5629522770546965,-0.25475326144285904,-0.653551274970195,-0.8357913570017771,0.051864862839174825,0.0,0.10664324688948527,0.09447027265608295,0.11272973400618644,0.08838378553938178,0.06403783707257714,0.0,0.05795134995587599,0.09447027265608295,0.08229729842268063,0.09447027265608295,0.003172965905565536,0.08229729842268063,0.009259453022266696,0.05795134995587599,0.032899170192998234,0.3891802187304494,0.14329611481023663,0.15835024362167824,0.0,0.27627425264463745,0.272399565929772,0.0,0.09252212954089771,0.18046220955323625,0.10851123499768654,0.12450034045447538,0.0885248531767005,0.028565707713742432,0.0,0.10451395863348933,2024-12-21,0.16294123891261472,0.204,RPA
-0.037775664594803054,0.20555082607974592,0.07174973717086502,-0.4271486120734045,-0.2048303951668354,-0.7144541381471853,-0.8611671620788107,0.10618733111789114,0.06479141060246564,0.06479141060246564,0.0,0.08031488079575021,0.0,0.0,0.0,0.04926794040918108,0.05444243047360926,0.1217108013111757,0.14758325163331665,0.06479141060246564,0.10101284105346296,0.0854893708601784,0.05961692053803745,0.0,0.3366401098073765,0.2315323330324715,0.2656923604843156,0.0002952241276804772,0.16583997254815588,0.2563095759969798,0.024181786219547356,0.09106606462999399,0.18155655895001002,0.03205052485607049,0.15795034304044062,0.1343441271308712,0.0,0.0,0.12254101917608654,2025-01-21,0.16294123891261472,0.204,RPA
-0.24823733682546636,0.07269974590780624,0.03427610132414194,-0.5629522770546965,-0.25475326144285904,-0.653551274970195,-0.8357913570017771,0.051864862839174825,0.0,0.10664324688948527,0.09447027265608295,0.11272973400618644,0.08838378553938178,0.06403783707257714,0.0,0.05795134995587599,0.09447027265608295,0.08229729842268063,0.09447027265608295,0.003172965905565536,0.08229729842268063,0.009259453022266696,0.05795134995587599,0.032899170192998234,0.3891802187304494,0.14329611481023663,0.15835024362167824,0.0,0.27627425264463745,0.272399565929772,0.0,0.09252212954089771,0.18046220955323625,0.10851123499768654,0.12450034045447538,0.0885248531767005,0.028565707713742432,0.0,0.10451395863348933,2024-12-21,0.16294123891261472,0.222,RPA
-0.037775664594803054,0.012364211769477402,0.07174973717086502,-0.4271486120734045,-0.2048303951668354,-0.7144541381471853,-0.8611671620788107,0.10618733111789114,0.06479141060246564,0.06479141060246564,0.0,0.08031488079575021,0.0,0.0,0.0,0.04926794040918108,0.05444243047360926,0.1217108013111757,0.14758325163331665,0.06479141060246564,0.10101284105346296,0.0854893708601784,0.05961692053803745,0.0,0.3366401098073765,0.2315323330324715,0.2656923604843156,0.0002952241276804772,0.16583997254815588,0.2563095759969798,0.024181786219547356,0.09106606462999399,0.18155655895001002,0.03205052485607049,0.15795034304044062,0.1343441271308712,0.0,0.0,0.12254101917608654,2025-01-21,0.16294123891261472,0.222,RPA
-0.24823733682546636,0.17685140449060568,0.03427610132414194,-0.5629522770546965,-0.25475326144285904,-0.653551274970195,-0.8357913570017771,0.051864862839174825,0.0,0.10664324688948527,0.09447027265608295,0.11272973400618644,0.08838378553938178,0.06403783707257714,0.0,0.05795134995587599,0.09447027265608295,0.08229729842268063,0.09447027265608295,0.003172965905565536,0.08229729842268063,0.009259453022266696,0.05795134995587599,0.032899170192998234,0.3891802187304494,0.14329611481023663,0.15835024362167824,0.0,0.27627425264463745,0.272399565929772,0.0,0.09252212954089771,0.18046220955323625,0.10851123499768654,0.12450034045447538,0.0885248531767005,0.028565707713742432,0.0,0.10451395863348933,2024-12-21,0.16294123891261472,0.259,RPA
-0.037775664594803054,0.07035897421246483,0.07174973717086502,-0.4271486120734045,-0.2048303951668354,-0.7144541381471853,-0.8611671620788107,0.10618733111789114,0.06479141060246564,0.06479141060246564,0.0,0.08031488079575021,0.0,0.0,0.0,0.04926794040918108,0.05444243047360926,0.1217108013111757,0.14758325163331665,0.06479141060246564,0.10101284105346296,0.0854893708601784,0.05961692053803745,0.0,0.3366401098073765,0.2315323330324715,0.2656923604843156,0.0002952241276804772,0.16583997254815588,0.2563095759969798,0.024181786219547356,0.09106606462999399,0.18155655895001002,0.03205052485607049,0.15795034304044062,0.1343441271308712,0.0,0.0,0.12254101917608654,2025-01-21,0.16294123891261472,0.259,RPA
-0.24823733682546636,0.28154454818319524,0.03427610132414194,-0.5629522770546965,-0.25475326144285904,-0.653551274970195,-0.8357913570017771,0.051864862839174825,0.0,0.10664324688948527,0.09447027265608295,0.11272973400618644,0.08838378553938178,0.06403783707257714,0.0,0.05795134995587599,0.09447027265608295,0.08229729842268063,0.09447027265608295,0.003172965905565536,0.08229729842268063,0.009259453022266696,0.05795134995587599,0.032899170192998234,0.3891802187304494,0.14329611481023663,0.15835024362167824,0.0,0.27627425264463745,0.272399565929772,0.0,0.09252212954089771,0.18046220955323625,0.10851123499768654,0.12450034045447538,0.0885248531767005,0.028565707713742432,0.0,0.10451395863348933,2024-12-21,0.16294123891261472,0.296,RPA
-0.037775664594803054,0.264970163074293,0.07174973717086502,-0.4271486120734045,-0.2048303951668354,-0.7144541381471853,-0.8611671620788107,0.10618733111789114,0.06479141060246564,0.06479141060246564,0.0,0.08031488079575021,0.0,0.0,0.0,0.04926794040918108,0.05444243047360926,0.1217108013111757,0.14758325163331665,0.06479141060246564,0.10101284105346296,0.0854893708601784,0.05961692053803745,0.0,0.3366401098073765,0.2315323330324715,0.2656923604843156,0.0002952241276804772,0.16583997254815588,0.2563095759969798,0.024181786219547356,0.09106606462999399,0.18155655895001002,0.03205052485607049,0.15795034304044062,0.1343441271308712,0.0,0.0,0.12254101917608654,2025-01-21,0.16294123891261472,0.296,RPA
-0.24823733682546636,0.15067291339336902,0.03427610132414194,-0.5629522770546965,-0.25475326144285904,-0.653551274970195,-0.8357913570017771,0.051864862839174825,0.0,0.10664324688948527,0.09447027265608295,0.11272973400618644,0.08838378553938178,0.06403783707257714,0.0,0.05795134995587599,0.09447027265608295,0.08229729842268063,0.09447027265608295,0.003172965905565536,0.08229729842268063,0.009259453022266696,0.05795134995587599,0.032899170192998234,0.3891802187304494,0.14329611481023663,0.15835024362167824,0.0,0.27627425264463745,0.272399565929772,0.0,0.09252212954089771,0.18046220955323625,0.10851123499768654,0.12450034045447538,0.0885248531767005,0.028565707713742432,0.0,0.10451395863348933,2024-12-21,0.16294123891261472,0.0,MGA
-0.037775664594803054,0.06197957049223545,0.07174973717086502,-0.4271486120734045,-0.2048303951668354,-0.7144541381471853,-0.8611671620788107,0.10618733111789114,0.06479141060246564,0.06479141060246564,0.0,0.08031488079575021,0.0,0.0,0.0,0.04926794040918108,0.05444243047360926,0.1217108013111757,0.14758325163331665,0.06479141060246564,0.10101284105346296,0.0854893708601784,0.05961692053803745,0.0,0.3366401098073765,0.2315323330324715,0.2656923604843156,0.0002952241276804772,0.16583997254815588,0.2563095759969798,0.024181786219547356,0.09106606462999399,0.18155655895001002,0.03205052485607049,0.15795034304044062,0.1343441271308712,0.0,0.0,0.12254101917608654,2025-01-21,0.16294123891261472,0.0,MGA
-0.24823733682546636,0.144096766263857,0.03427610132414194,-0.5629522770546965,-0.25475326144285904,-0.653551274970195,-0.8357913570017771,0.051864862839174825,0.0,0.10664324688948527,0.09447027265608295,0.11272973400618644,0.08838378553938178,0.06403783707257714,0.0,0.05795134995587599,0.09447027265608295,0.08229729842268063,0.09447027265608295,0.003172965905565536,0.08229729842268063,0.009259453022266696,0.05795134995587599,0.032899170192998234,0.3891802187304494,0.14329611481023663,0.15835024362167824,0.0,0.27627425264463745,0.272399565929772,0.0,0.09252212954089771,0.18046220955323625,0.10851123499768654,0.12450034045447538,0.0885248531767005,0.028565707713742432,0.0,0.10451395863348933,2024-12-21,0.16294123891261472,0.019,MGA
-0.037775664594803054,0.06552408336130676,0.07174973717086502,-0.4271486120734045,-0.2048303951668354,-0.7144541381471853,-0.8611671620788107,0.10618733111789114,0.06479141060246564,0.06479141060246564,0.0,0.08031488079575021,0.0,0.0,0.0,0.04926794040918108,0.05444243047360926,0.1217108013111757,0.14758325163331665,0.06479141060246564,0.10101284105346296,0.0854893708601784,0.05961692053803745,0.0,0.3366401098073765,0.2315323330324715,0.2656923604843156,0.0002952241276804772,0.16583997254815588,0.2563095759969798,0.024181786219547356,0.09106606462999399,0.18155655895001002,0.03205052485607049,0.15795034304044062,0.1343441271308712,0.0,0.0,0.12254101917608654,2025-01-21,0.16294123891261472,0.019,MGA
-0.24823733682546636,0.14496743396063946,0.03427610132414194,-0.5629522770546965,-0.25475326144285904,-0.653551274970195,-0.8357913570017771,0.051864862839174825,0.0,0.10664324688948527,0.09447027265608295,0.11272973400618644,0.08838378553938178,0.06403783707257714,0.0,0.05795134995587599,0.09447027265608295,0.08229729842268063,0.09447027265608295,0.003172965905565536,0.08229729842268063,0.009259453022266696,0.05795134995587599,0.032899170192998234,0.3891802187304494,0.14329611481023663,0.15835024362167824,0.0,0.27627425264463745,0.272399565929772,0.0,0.09252212954089771,0.18046220955323625,0.10851123499768654,0.12450034045447538,0.0885248531767005,0.028565707713742432,0.0,0.10451395863348933,2024-12-21,0.16294123891261472,0.056,MGA
-0.037775664594803054,0.053302609132665504,0.07174973717086502,-0.4271486120734045,-0.2048303951668354,-0.7144541381471853,-0.8611671620788107,0.10618733111789114,0.06479141060246564,0.06479141060246564,0.0,0.08031488079575021,0.0,0.0,0.0,0.04926794040918108,0.05444243047360926,0.1217108013111757,0.14758325163331665,0.06479141060246564,0.10101284105346296,0.0854893708601784,0.05961692053803745,0.0,0.3366401098073765,0.2315323330324715,0.2656923604843156,0.0002952241276804772,0.16583997254815588,0.2563095759969798,0.024181786219547356,0.09106606462999399,0.18155655895001002,0.03205052485607049,0.15795034304044062,0.1343441271308712,0.0,0.0,0.12254101917608654,2025-01-21,0.16294123891261472,0.056,MGA
-0.24823733682546636,0.1454334679826134,0.03427610132414194,-0.5629522770546965,-0.25475326144285904,-0.653551274970195,-0.8357913570017771,0.051864862839174825,0.0,0.10664324688948527,0.09447027265608295,0.11272973400618644,0.08838378553938178,0.06403783707257714,0.0,0.05795134995587599,0.09447027265608295,0.08229729842268063,0.09447027265608295,0.003172965905565536,0.08229729842268063,0.009259453022266696,0.05795134995587599,0.032899170192998234,0.3891802187304494,0.14329611481023663,0.15835024362167824,0.0,0.27627425264463745,0.272399565929772,0.0,0.09252212954089771,0.18046220955323625,0.10851123499768654,0.12450034045447538,0.0885248531767005,0.028565707713742432,0.0,0.10451395863348933,2024-12-21,0.16294123891261472,0.074,MGA
-0.037775664594803054,0.03959290817757341,0.07174973717086502,-0.4271486120734045,-0.2048303951668354,-0.7144541381471853,-0.8611671620788107,0.10618733111789114,0.06479141060246564,0.06479141060246564,0.0,0.08031488079575021,0.0,0.0,0.0,0.04926794040918108,0.05444243047360926,0.1217108013111757,0.14758325163331665,0.06479141060246564,0.10101284105346296,0.0854893708601784,0.05961692053803745,0.0,0.3366401098073765,0.2315323330324715,0.2656923604843156,0.0002952241276804772,0.16583997254815588,0.2563095759969798,0.024181786219547356,0.09106606462999399,0.18155655895001002,0.03205052485607049,0.15795034304044062,0.1343441271308712,0.0,0.0,0.12254101917608654,2025-01-21,0.16294123891261472,0.074,MGA
-0.24823733682546636,0.09201925414353677,0.03427610132414194,-0.5629522770546965,-0.25475326144285904,-0.653551274970195,-0.8357913570017771,0.051864862839174825,0.0,0.10664324688948527,0.09447027265608295,0.11272973400618644,0.08838378553938178,0.06403783707257714,0.0,0.05795134995587599,0.09447027265608295,0.08229729842268063,0.09447027265608295,0.003172965905565536,0.08229729842268063,0.009259453022266696,0.05795134995587599,0.032899170192998234,0.3891802187304494,0.14329611481023663,0.15835024362167824,0.0,0.27627425264463745,0.272399565929772,0.0,0.09252212954089771,0.18046220955323625,0.10851123499768654,0.12450034045447538,0.0885248531767005,0.028565707713742432,0.0,0.10451395863348933,2024-12-21,0.16294123891261472,0.111,MGA
-0.037775664594803054,0.05311041023250144,0.07174973717086502,-0.4271486120734045,-0.2048303951668354,-0.7144541381471853,-0.8611671620788107,0.10618733111789114,0.06479141060246564,0.06479141060246564,0.0,0.08031488079575021,0.0,0.0,0.0,0.04926794040918108,0.05444243047360926,0.1217108013111757,0.14758325163331665,0.06479141060246564,0.10101284105346296,0.0854893708601784,0.05961692053803745,0.0,0.3366401098073765,0.2315323330324715,0.2656923604843156,0.0002952241276804772,0.16583997254815588,0.2563095759969798,0.024181786219547356,0.09106606462999399,0.18155655895001002,0.03205052485607049,0.15795034304044062,0.1343441271308712,0.0,0.0,0.12254101917608654,2025-01-21,0.16294123891261472,0.111,MGA
-0.24823733682546636,0.1476205726229394,0.03427610132414194,-0.5629522770546965,-0.25475326144285904,-0.653551274970195,-0.8357913570017771,0.051864862839174825,0.0,0.10664324688948527,0.09447027265608295,0.11272973400618644,0.08838378553938178,0.06403783707257714,0.0,0.05795134995587599,0.09447027265608295,0.08229729842268063,0.09447027265608295,0.003172965905565536,0.08229729842268063,0.009259453022266696,0.05795134995587599,0.032899170192998234,0.3891802187304494,0.14329611481023663,0.15835024362167824,0.0,0.27627425264463745,0.272399565929772,0.0,0.09252212954089771,0.18046220955323625,0.10851123499768654,0.12450034045447538,0.0885248531767005,0.028565707713742432,0.0,0.10451395863348933,2024-12-21,0.16294123891261472,0.148,MGA
-0.037775664594803054,0.044651841502297084,0.07174973717086502,-0.4271486120734045,-0.2048303951668354,-0.7144541381471853,-0.8611671620788107,0.10618733111789114,0.06479141060246564,0.06479141060246564,0.0,0.08031488079575021,0.0,0.0,0.0,0.04926794040918108,0.05444243047360926,0.1217108013111757,0.14758325163331665,0.06479141060246564,0.10101284105346296,0.0854893708601784,0.05961692053803745,0.0,0.3366401098073765,0.2315323330324715,0.2656923604843156,0.0002952241276804772,0.16583997254815588,0.2563095759969798,0.024181786219547356,0.09106606462999399,0.18155655895001002,0.03205052485607049,0.15795034304044062,0.1343441271308712,0.0,0.0,0.12254101917608654,2025-01-21,0.16294123891261472,0.148,MGA
-0.24823733682546636,0.1006789751412483,0.03427610132414194,-0.5629522770546965,-0.25475326144285904,-0.653551274970195,-0.8357913570017771,0.051864862839174825,0.0,0.10664324688948527,0.09447027265608295,0.11272973400618644,0.08838378553938178,0.06403783707257714,0.0,0.05795134995587599,0.09447027265608295,0.08229729842268063,0.09447027265608295,0.003172965905565536,0.08229729842268063,0.009259453022266696,0.05795134995587599,0.032899170192998234,0.3891802187304494,0.14329611481023663,0.15835024362167824,0.0,0.27627425264463745,0.272399565929772,0.0,0.09252212954089771,0.18046220955323625,0.10851123499768654,0.12450034045447538,0.0885248531767005,0.028565707713742432,0.0,0.10451395863348933,2024-12-21,0.16294123891261472,0.167,MGA
-0.037775664594803054,0.10053414034111884,0.07174973717086502,-0.4271486120734045,-0.2048303951668354,-0.7144541381471853,-0.8611671620788107,0.10618733111789114,0.06479141060246564,0.06479141060246564,0.0,0.08031488079575021,0.0,0.0,0.0,0.04926794040918108,0.05444243047360926,0.1217108013111757,0.14758325163331665,0.06479141060246564,0.10101284105346296,0.0854893708601784,0.05961692053803745,0.0,0.3366401098073765,0.2315323330324715,0.2656923604843156,0.0002952241276804772,0.16583997254815588,0.2563095759969798,0.024181786219547356,0.09106606462999399,0.18155655895001002,0.03205052485607049,0.15795034304044062,0.1343441271308712,0.0,0.0,0.12254101917608654,2025-01-21,0.16294123891261472,0.167,MGA
-0.24823733682546636,0.09577935826664565,0.03427610132414194,-0.5629522770546965,-0.25475326144285904,-0.653551274970195,-0.8357913570017771,0.051864862839174825,0.0,0.10664324688948527,0.09447027265608295,0.11272973400618644,0.08838378553938178,0.06403783707257714,0.0,0.05795134995587599,0.09447027265608295,0.08229729842268063,0.09447027265608295,0.003172965905565536,0.08229729842268063,0.009259453022266696,0.05795134995587599,0.032899170192998234,0.3891802187304494,0.14329611481023663,0.15835024362167824,0.0,0.27627425264463745,0.272399565929772,0.0,0.09252212954089771,0.18046220955323625,0.10851123499768654,0.12450034045447538,0.0885248531767005,0.028565707713742432,0.0,0.10451395863348933,2024-12-21,0.16294123891261472,0.204,MGA
-0.037775664594803054,0.028676899641862777,0.07174973717086502,-0.4271486120734045,-0.2048303951668354,-0.7144541381471853,-0.8611671620788107,0.10618733111789114,0.06479141060246564,0.06479141060246564,0.0,0.08031488079575021,0.0,0.0,0.0,0.04926794040918108,0.05444243047360926,0.1217108013111757,0.14758325163331665,0.06479141060246564,0.10101284105346296,0.0854893708601784,0.05961692053803745,0.0,0.3366401098073765,0.2315323330324715,0.2656923604843156,0.0002952241276804772,0.16583997254815588,0.2563095759969798,0.024181786219547356,0.09106606462999399,0.18155655895001002,0.03205052485607049,0.15795034304044062,0.1343441271308712,0.0,0.0,0.12254101917608654,2025-01-21,0.16294123891261472,0.204,MGA
-0.24823733682546636,0.20896160144146647,0.03427610132414194,-0.5629522770546965,-0.25475326144285904,-0.653551274970195,-0.8357913570017771,0.051864862839174825,0.0,0.10664324688948527,0.09447027265608295,0.11272973400618644,0.08838378553938178,0.06403783707257714,0.0,0.05795134995587599,0.09447027265608295,0.08229729842268063,0.09447027265608295,0.003172965905565536,0.08229729842268063,0.009259453022266696,0.05795134995587599,0.032899170192998234,0.3891802187304494,0.14329611481023663,0.15835024362167824,0.0,0.27627425264463745,0.272399565929772,0.0,0.09252212954089771,0.18046220955323625,0.10851123499768654,0.12450034045447538,0.0885248531767005,0.028565707713742432,0.0,0.10451395863348933,2024-12-21,0.16294123891261472,0.222,MGA
-0.037775664594803054,0.012893523338146862,0.07174973717086502,-0.4271486120734045,-0.2048303951668354,-0.7144541381471853,-0.8611671620788107,0.10618733111789114,0.06479141060246564,0.06479141060246564,0.0,0.08031488079575021,0.0,0.0,0.0,0.04926794040918108,0.05444243047360926,0.1217108013111757,0.14758325163331665,0.06479141060246564,0.10101284105346296,0.0854893708601784,0.05961692053803745,0.0,0.3366401098073765,0.2315323330324715,0.2656923604843156,0.0002952241276804772,0.16583997254815588,0.2563095759969798,0.024181786219547356,0.09106606462999399,0.18155655895001002,0.03205052485607049,0.15795034304044062,0.1343441271308712,0.0,0.0,0.12254101917608654,2025-01-21,0.16294123891261472,0.222,MGA
-0.24823733682546636,0.0617108939975906,0.03427610132414194,-0.5629522770546965,-0.25475326144285904,-0.653551274970195,-0.8357913570017771,0.051864862839174825,0.0,0.10664324688948527,0.09447027265608295,0.11272973400618644,0.08838378553938178,0.06403783707257714,0.0,0.05795134995587599,0.09447027265608295,0.08229729842268063,0.09447027265608295,0.003172965905565536,0.08229729842268063,0.009259453022266696,0.05795134995587599,0.032899170192998234,0.3891802187304494,0.14329611481023663,0.15835024362167824,0.0,0.27627425264463745,0.272399565929772,0.0,0.09252212954089771,0.18046220955323625,0.10851123499768654,0.12450034045447538,0.0885248531767005,0.028565707713742432,0.0,0.10451395863348933,2024-12-21,0.16294123891261472,0.259,MGA
-0.037775664594803054,0.025723322244435087,0.07174973717086502,-0.4271486120734045,-0.2048303951668354,-0.7144541381471853,-0.8611671620788107,0.10618733111789114,0.06479141060246564,0.06479141060246564,0.0,0.08031488079575021,0.0,0.0,0.0,0.04926794040918108,0.05444243047360926,0.1217108013111757,0.14758325163331665,0.06479141060246564,0.10101284105346296,0.0854893708601784,0.05961692053803745,0.0,0.3366401098073765,0.2315323330324715,0.2656923604843156,0.0002952241276804772,0.16583997254815588,0.2563095759969798,0.024181786219547356,0.09106606462999399,0.18155655895001002,0.03205052485607049,0.15795034304044062,0.1343441271308712,0.0,0.0,0.12254101917608654,2025-01-21,0.16294123891261472,0.259,MGA
-0.24823733682546636,0.06090459485043583,0.03427610132414194,-0.5629522770546965,-0.25475326144285904,-0.653551274970195,-0.8357913570017771,0.051864862839174825,0.0,0.10664324688948527,0.09447027265608295,0.11272973400618644,0.08838378553938178,0.06403783707257714,0.0,0.05795134995587599,0.09447027265608295,0.08229729842268063,0.09447027265608295,0.003172965905565536,0.08229729842268063,0.009259453022266696,0.05795134995587599,0.032899170192998234,0.3891802187304494,0.14329611481023663,0.15835024362167824,0.0,0.27627425264463745,0.272399565929772,0.0,0.09252212954089771,0.18046220955323625,0.10851123499768654,0.12450034045447538,0.0885248531767005,0.028565707713742432,0.0,0.10451395863348933,2024-12-21,0.16294123891261472,0.296,MGA
-0.037775664594803054,0.1260731955518794,0.07174973717086502,-0.4271486120734045,-0.2048303951668354,-0.7144541381471853,-0.8611671620788107,0.10618733111789114,0.06479141060246564,0.06479141060246564,0.0,0.08031488079575021,0.0,0.0,0.0,0.04926794040918108,0.05444243047360926,0.1217108013111757,0.14758325163331665,0.06479141060246564,0.10101284105346296,0.0854893708601784,0.05961692053803745,0.0,0.3366401098073765,0.2315323330324715,0.2656923604843156,0.0002952241276804772,0.16583997254815588,0.2563095759969798,0.024181786219547356,0.09106606462999399,0.18155655895001002,0.03205052485607049,0.15795034304044062,0.1343441271308712,0.0,0.0,0.12254101917608654,2025-01-21,0.16294123891261472,0.296,MGA
