country,temperature_celsius,attacked
Afghanistan,-1.2752424080332625,0
Kenya,1.1124442720297878,0
Kuwait,0.0668631528297477,0
Thailand,0.7753541452183101,0
Malawi,1.259273466358667,0
Mali,-2.327432961561471,0
Malta,-0.2732355349011286,0
Mauritania,-1.208440552319891,0
Mauritius,1.422852058641746,0
Mozambique,1.598957263431149,0
Myanmar,-3.9793715045549978,0
Nigeria,-8.376491606875694,0
Jordan,1.7063891345522857,0
Oman,0.918166780692468,0
Russia,-2.8581843576176293,0
Senegal,-0.4613106901377426,0
Slovenia,-4.883932938959894,0
South Africa,10.175176342732351,0
Sudan,-3.618037678473296,0
Tanzania,0.4725403643236144,0
Vietnam,-7.100031228128914,0
Ukraine,-1.5161959102856504,0
United Arab Emirates,1.556991483052911,0
Uzbekistan,-0.534968503624806,0
Zambia,3.4017359601893897,0
Poland,-0.9471534375683196,0
Iraq,-1.678521361609378,0
Turkey,-1.127453802358896,0
Indonesia,0.6928575487226063,0
Iran,-0.0668274419800519,0
Andorra,-1.1027289057988507,0
Angola,-0.7267242902989138,0
Armenia,-2.8654376604835363,0
Bahrain,3.325604027551585,0
Belarus,-0.2733624066280112,0
Bosnia and Herzegovina,-3.346685913400074,0
Botswana,-0.644811940509622,0
Bulgaria,-0.3233846059591544,0
Burundi,2.295948613614698,0
Madagascar,1.5524145622565926,0
Cape Verde,0.3914598120645601,0
Albania,-1.660602911286435,0
Equatorial Guinea,2.6761191759688607,1
Chad,0.4920600210650233,0
Hungary,-2.643358313507175,0
Vatican City,5.337596718217927,0
Guinea-Bissau,0.7151822028667675,0
Guinea,9.723085998232566,0
Iceland,0.4040534463211617,0
Germany,0.9580923468732164,0
France,-0.5132216100632314,0
Finland,2.4409776013701694,0
Eritrea,-1.4525933986251842,0
Ghana,-1.091222595240431,0
Myanmar,-8.207796681161069,0
Mozambique,1.036808061747298,0
Mauritius,-1.5347773944039234,0
Kenya,1.7198902342765767,0
Mauritania,1.1726687589058429,0
Mali,-0.7516314669607427,0
Malawi,-1.1175381411490208,0
Thailand,0.6408104062720816,0
Kuwait,0.236448645780119,0
Nigeria,0.3593920676959492,0
Malta,-1.5978066947094314,0
Oman,2.768471180456833,0
Sudan,-4.3314371597077885,0
Russia,-0.676929129560897,0
Senegal,4.751362081705176,0
Slovenia,-0.6482055680474992,0
South Africa,-6.363547267687107,0
Tanzania,-2.870737646589544,0
Vietnam,-8.774428224811125,0
Ukraine,3.291327049044369,0
United Arab Emirates,-1.2435396287117115,0
Uzbekistan,0.3319754213811944,0
Zambia,0.1870088656448412,0
Jordan,-4.357587708482441,0
Poland,6.421223596228342,0
Iraq,-0.4202522898421841,0
Turkey,-1.733079251399798,0
Indonesia,-0.8738409297552615,0
Albania,-1.9456346509014224,0
Andorra,5.123187645935769,0
Angola,-0.7696894062404679,0
Armenia,0.4624177104762838,0
Bahrain,-0.4577813406306124,0
Belarus,0.2288786903496736,0
Bosnia and Herzegovina,0.4544524705989412,0
Botswana,6.549048553337399,0
Bulgaria,2.192513004747809,0
Burundi,3.853447946535697,0
Madagascar,2.4919463269704614,0
Cape Verde,6.826526347760384,0
Afghanistan,2.8281758495678115,0
Iran,-0.5969312983973406,0
Iceland,2.1441067295309715,0
Hungary,0.8227611091612195,0
Vatican City,0.5350842073268172,0
Chad,0.2744846982661678,0
Guinea,-0.7079420249787062,0
Guinea-Bissau,0.0691024926466079,0
Germany,0.2820460874796466,0
France,2.3368886797432795,0
Finland,0.3518653746346042,0
Eritrea,2.6660924411618216,0
Equatorial Guinea,2.582098511163426,1
Ghana,1.842471503380665,0
Mozambique,0.0067453465882756,0
Mauritius,-1.0048523133374077,0
Mauritania,-2.3455546700418,0
Malta,1.1460377564610844,0
Jordan,0.5067775090546411,0
Malawi,1.951123447912066,0
Thailand,7.028452439956788,0
Kuwait,-2.170192558681644,0
Kenya,4.73380278203583,0
Myanmar,1.9313191580668652,0
Mali,-0.9262622849123064,0
Turkey,0.1327661349104994,0
Zambia,0.3554709326796333,0
Oman,4.2030461512642,0
Poland,0.1097918349804569,0
Russia,-6.308537434513388,0
Senegal,6.4948618734854255,0
Slovenia,-0.5638734428402608,0
Sudan,-4.514737386379575,0
Tanzania,-5.823006880231844,0
Vietnam,-0.6566484156158424,0
Ukraine,-5.626810633301263,0
United Arab Emirates,0.7630632390993008,0
Uzbekistan,-1.4933699498874873,0
Iraq,-0.8792654702849027,0
Nigeria,0.2995361876092495,0
South Africa,0.955233010869698,0
Iran,-2.266777260881553,0
Iceland,-0.174048265635586,0
Indonesia,-1.1673299918916398,0
Afghanistan,1.3567558284444434,0
Albania,16.10903751810879,0
Andorra,-4.896454951836429,0
Angola,1.9535471539081264,0
Armenia,0.6883081493946006,0
Bahrain,3.971776426388725,0
Bosnia and Herzegovina,0.6908993914295656,0
Botswana,-0.9256931476434402,0
Bulgaria,-0.4448491335732958,0
Burundi,-1.1819487535969198,0
Madagascar,-1.5593479563770447,0
Belarus,-0.572391959186622,0
Chad,-1.9054595419428095,0
Cape Verde,0.296338473811912,0
Vatican City,-4.384835738334634,0
Guinea-Bissau,2.408770670537728,0
Guinea,-0.2613246614739559,0
Ghana,-2.1977298185502097,0
Hungary,0.8466949832137478,0
France,-0.3969478623522965,0
Finland,-1.000758069144719,0
Eritrea,-0.4931304292524243,0
Equatorial Guinea,0.9934565986642513,1
Germany,0.6534717764979792,0
Myanmar,2.298680813753091,0
Mozambique,-0.6164186353563166,0
Mauritius,-2.871045478862476,0
Mauritania,0.9911602046253148,0
Malta,1.964171232550228,0
Malawi,0.2420563800046786,0
Thailand,0.8312305418628216,0
Kuwait,0.520910385970346,0
Kenya,-0.1849515110542965,0
Nigeria,0.8188992155160493,0
Mali,-1.937058784908015,0
Oman,0.8948407253343815,0
Jordan,-0.4836327423958658,0
Russia,0.1174520204282176,0
Senegal,1.6963029164427614,0
Slovenia,-2.578625848805125,0
South Africa,-0.5609406598413605,0
Sudan,2.1047610935480985,0
Tanzania,-1.795608170719617,0
Vietnam,0.0489966215589239,0
Ukraine,-0.7167366647776812,0
United Arab Emirates,-1.3567955986556042,0
Uzbekistan,1.3154882667827654,0
Zambia,-1.0037600200932422,0
Poland,-1.563067264753882,0
Iraq,-3.4403422276359024,0
Turkey,-0.4460028352242616,0
Indonesia,-1.669320953105486,0
Afghanistan,-1.4870065760552564,0
Albania,1.0776965287816662,0
Andorra,-4.264138772491662,0
Angola,1.2811638469644828,0
Armenia,-1.420908847635657,0
Bahrain,5.243028381389016,0
Belarus,4.727964884517343,0
Bosnia and Herzegovina,1.260569011792764,0
Botswana,-1.0826192909139698,0
Bulgaria,2.62054764092989,0
Burundi,-0.0395856642690532,0
Madagascar,0.6211672943072732,0
Cape Verde,-0.2859249018036728,0
Iran,0.0786180123426549,0
Iceland,1.5176949645030793,0
Equatorial Guinea,0.4774609861478883,1
Eritrea,-4.480250179136296,0
Finland,0.0059059604875492,0
France,-1.7947908115871436,0
Germany,-0.1589757088558778,0
Ghana,-2.094504093813224,0
Guinea,1.9206295174730577,0
Guinea-Bissau,3.489257205080323,0
Vatican City,-1.8443624847136195,0
Hungary,4.798903898428312,0
Chad,-0.5627927259019251,0
Myanmar,-1.9370791955918505,0
Mozambique,1.551995495047307,0
Mauritius,1.958343517557536,0
Mauritania,8.961172762342176,0
Malta,-1.370772281995862,0
Malawi,-2.3593971522780937,0
Thailand,-0.2707631659304287,0
Kuwait,-0.1885324295660045,0
Kenya,0.3146860710904311,0
Turkey,2.962282594646486,0
Mali,-1.7388644672209932,0
Nigeria,0.0386053211278257,0
South Africa,-0.2338259913735052,0
Poland,1.737056704973082,0
Russia,0.1898380159755313,0
Senegal,-0.8332877027701192,0
Slovenia,1.28207959626698,0
Jordan,1.860877836125326,0
Sudan,-0.0221995756137969,0
Tanzania,0.4836348832948652,0
Vietnam,-2.126324265089353,0
Ukraine,1.280523680653196,0
United Arab Emirates,-0.3495686365476254,0
Uzbekistan,-1.295798683797917,0
Zambia,-0.2644227852609053,0
Oman,-1.3134406386625237,0
Iraq,-1.6407443877610235,0
Iran,-3.4872251330293955,0
Indonesia,-1.3621879784561426,0
Afghanistan,-5.779672992678656,0
Albania,0.2966604222453257,0
Andorra,0.1128696273376513,0
Angola,-0.8957767744712292,0
Armenia,-0.2778885461193531,0
Bahrain,0.3437834348907255,0
Belarus,-0.3873880524163801,0
Botswana,-0.933487487078792,0
Bulgaria,0.2333180793891239,0
Burundi,3.588116473610179,0
Madagascar,-0.811443953903279,0
Cape Verde,5.090707413943851,0
Bosnia and Herzegovina,-5.563008087937849,0
Equatorial Guinea,-7.646894310233189,1
Chad,-0.7017388849681663,0
Hungary,-1.567912344652416,0
Vatican City,0.2902160701067866,0
Guinea-Bissau,-0.3598330407253436,0
Guinea,-0.0886725973878953,0
Iceland,-2.146432191074416,0
Germany,1.1669755804270454,0
France,-0.3401551956141003,0
Finland,-0.5410062627322887,0
Eritrea,-0.0573656800077341,0
Ghana,-2.9541018893460085,0
Mozambique,-5.624810127678001,0
Mauritius,-1.1724493607316988,0
Mauritania,5.879330647381093,0
Malta,0.1909194697170343,0
Mali,-0.7712448710559987,0
Thailand,0.2165857728424678,0
Kuwait,1.944993881382932,0
Kenya,0.1516005504305164,0
Jordan,0.9885675523704448,0
Myanmar,0.1658971610346751,0
Malawi,-0.5796835052982766,0
Turkey,-1.1977732221921746,0
Uzbekistan,-0.7587840210657626,0
Oman,-1.0435895080982016,0
Poland,-2.6796845602781723,0
Russia,-1.6815454356159674,0
Senegal,-1.6917048228608136,0
Slovenia,2.059866747571459,0
South Africa,0.2531185701238305,0
Sudan,0.7197265183388926,0
Tanzania,-3.545523338420117,0
Vietnam,-1.9920858192912645,0
Ukraine,3.360690892858005,0
United Arab Emirates,-0.2468846908555909,0
Iraq,0.4024933580387473,0
Nigeria,5.2316402687528045,0
Zambia,-9.913351073139657,0
Iran,-2.618769622158332,0
Iceland,-1.0526620117332257,0
Afghanistan,3.243157585240413,0
Albania,0.0541156848599048,0
Andorra,-1.0783269615115605,0
Angola,-0.6576212119168597,0
Armenia,-1.0922002680753895,0
Bahrain,1.3058401499494317,0
Belarus,2.7166588792613044,0
Bosnia and Herzegovina,-0.0166845211179161,0
Botswana,2.134596971392355,0
Bulgaria,-2.1851344769822187,0
Burundi,-2.3453041991234933,0
Madagascar,0.6705475087528413,0
Indonesia,3.789461552751854,0
Chad,-0.3995765943414534,0
Equatorial Guinea,2.798237498499955,1
Eritrea,0.914298795016306,0
Finland,1.6765134755687474,0
France,-0.3288757333954385,0
Germany,-2.481653718658888,0
Ghana,4.417594354347977,0
Guinea,2.413417776842256,0
Guinea-Bissau,0.759504712644021,0
Vatican City,1.724631169803865,0
Hungary,1.2865623746402222,0
Cape Verde,-0.2173005975417474,0
Mozambique,-1.090379508165888,0
Mauritius,5.567996411210484,0
Mauritania,0.218929930608535,0
Malta,-2.6679201210075587,0
Jordan,-2.0551261178141864,0
Malawi,6.49612332209569,0
Thailand,5.624959164027045,0
Kuwait,-1.2784726592697238,0
Kenya,-0.1127974781071951,0
Myanmar,2.91346581713766,0
Mali,5.937062806136796,0
Turkey,3.46022210871522,0
Slovenia,-1.6778388711255747,0
Oman,-3.50090633203436,0
Poland,-1.135412822681153,0
Russia,-1.682069972263568,0
Senegal,-0.0532995482589492,0
South Africa,1.123216246459288,0
Sudan,-4.471776089741429,0
Tanzania,-1.8122573233031023,0
Vietnam,-0.3892009038575297,0
Ukraine,5.836972630094281,0
United Arab Emirates,-7.044842478766852,0
Iraq,0.1487899703693017,0
Zambia,0.3439233228259137,0
Nigeria,-0.7343678718855741,0
Uzbekistan,8.698103296938207,0
Iran,-2.4165137046029823,0
Iceland,-3.137793956852791,0
Indonesia,-2.329153784968665,0
Afghanistan,-0.2977372102795018,0
Albania,2.8041380021313222,0
Andorra,4.073870581769165,0
Angola,5.468375679674582,0
Armenia,-0.8784850433545419,0
Bahrain,-0.214885333345609,0
Bosnia and Herzegovina,2.2417849192966663,0
Botswana,-0.610221307311852,0
Bulgaria,-0.5555601691772335,0
Burundi,1.0956507481862308,0
Madagascar,0.613952323106441,0
Belarus,0.313366239491837,0
Chad,0.2807624950547668,0
Cape Verde,1.9929317448362145,0
Vatican City,-0.960277458628806,0
Guinea-Bissau,2.2738041509531945,0
Guinea,0.1274501134997017,0
Ghana,-1.4058236010031582,0
Hungary,-0.7347856045481178,0
France,1.984977495696236,0
Finland,-1.2442637561055985,0
Eritrea,0.4428415519113804,0
Equatorial Guinea,0.7634652915313513,1
Germany,-4.380729502696978,0
Myanmar,-1.4816368406696352,0
Mozambique,-1.789124882861111,0
Mauritius,0.9339383703362716,0
Mauritania,3.090897344943248,0
Malta,0.7267458688360979,0
Malawi,-5.816507122253203,0
Thailand,0.1624643525445641,0
Kuwait,-0.1042596275009541,0
Kenya,-0.2958991421375665,0
Nigeria,2.6891963315604444,0
Mali,2.8198454678058025,0
Oman,-0.9338761541509164,0
Jordan,4.317096675240768,0
Russia,2.489864228340301,0
Senegal,0.9275224010393596,0
Slovenia,-0.1238410277525103,0
South Africa,-6.8285090794327,0
Sudan,0.2695407036006073,0
Tanzania,4.059185224027763,0
Vietnam,3.8965340545504072,0
Ukraine,-2.8219983037070624,0
United Arab Emirates,0.5584676657600217,0
Uzbekistan,-8.214323292706052,0
Zambia,2.844129081957012,0
Poland,-0.4604647592566233,0
Iraq,-2.5774097259864552,0
Turkey,0.2063841471524765,0
Indonesia,2.765941560499505,0
Afghanistan,-1.6863630221007992,0
Albania,-0.4047989166523695,0
Andorra,-0.0984088047690588,0
Angola,-0.3660366494159389,0
Armenia,0.0960876726934727,0
Bahrain,-0.6244094913641386,0
Belarus,3.718254015071236,0
Bosnia and Herzegovina,-1.5957904325011678,0
Botswana,-0.3182063169230513,0
Bulgaria,-2.6090126967294074,0
Burundi,-1.1168758908465906,0
Madagascar,-0.4308232854643654,0
Cape Verde,0.4875166492932117,0
Iran,-1.3156720578040793,0
Chad,-2.7866886785257297,0
Iceland,0.4194564407683182,0
Hungary,1.6550621443455449,0
Vatican City,-2.422186199033103,0
Guinea,-4.460250838364485,0
Ghana,5.585476727341721,0
Guinea-Bissau,1.233978471496606,0
France,-1.172975849052964,0
Finland,-2.870207774987648,0
Eritrea,-1.6065612411721029,0
Equatorial Guinea,-4.6920815485635305,1
Germany,-1.0693398990144471,0
Mauritius,-2.790171954453805,0
Turkey,-1.6688579964680552,0
Myanmar,-1.6411500066529687,0
Mozambique,3.8613784622442098,0
Mauritania,-1.3675766832387706,0
Malta,0.6611998790343664,0
Malawi,-2.1749257090394605,0
Thailand,-2.7472858379739447,0
Kuwait,0.2617707960731763,0
Kenya,5.486406786204404,0
Nigeria,-0.063193820085187,0
Mali,1.862034222420668,0
Oman,-7.701709415653922,0
Sudan,1.8718676102490932,0
Russia,-1.9601356961911305,0
Senegal,1.2242903725002192,0
Slovenia,-0.564539130655391,0
South Africa,1.2239904966770874,0
Jordan,0.1613308326578684,0
Tanzania,3.2212127860654105,0
Vietnam,1.3633840572717155,0
Ukraine,-0.1633601012993826,0
United Arab Emirates,-0.2725802703548054,0
Uzbekistan,5.633191589948297,0
Zambia,0.0636973165528286,0
Poland,-4.166235899561839,0
Iraq,-4.085325163289102,0
Iran,-3.1820408552540638,0
Indonesia,2.386204662103272,0
Afghanistan,-1.5365360850717122,0
Albania,1.4330226346541437,0
Andorra,-6.24787047755663,0
Angola,-0.2661746096686654,0
Armenia,5.80646740894879,0
Bahrain,0.4865598224132452,0
Belarus,-0.5826849916812389,0
Bosnia and Herzegovina,-0.7074877038689591,0
Bulgaria,-2.605143091495456,0
Burundi,-1.840654649120157,0
Madagascar,1.2599770468850968,0
Cape Verde,-1.6007752940893285,0
Botswana,-0.6805886392773309,0
Equatorial Guinea,-1.2328771756876429,1
Iceland,-0.6405754820423988,0
Chad,0.4528899819097334,0
Vatican City,-0.9415454649744416,0
Guinea-Bissau,-5.112050209751371,0
Guinea,-6.418372422047781,0
Hungary,3.5046364981859024,0
Germany,0.0972924221010688,0
France,-1.112339734237326,0
Finland,0.3141512583560233,0
Ghana,-4.640419477831531,0
Eritrea,2.0329137589740447,0
Kenya,-3.784008283634788,0
Turkey,-0.0128875324451226,0
Myanmar,-3.729736416012542,0
Mozambique,1.5471482126608889,0
Mauritius,1.5505036192115829,0
Mali,-1.6496575628955592,0
Malawi,-0.7899052758551149,0
Thailand,6.29901098356737,0
Kuwait,5.999019546668776,0
Nigeria,1.6210670811220906,0
Mauritania,0.4022210862544202,0
Oman,-0.1948821580926674,0
Malta,3.0103416554426063,0
Russia,-5.197498722403916,0
Senegal,-1.7162857146848916,0
Slovenia,2.641025605987525,0
South Africa,0.2398678562918936,0
Sudan,-3.2519454077813186,0
Tanzania,4.199878871986814,0
Vietnam,3.864570238461066,0
Ukraine,-0.9842110896420284,0
United Arab Emirates,1.2012907437279974,0
Uzbekistan,-8.534643668891494,0
Zambia,0.4060117908584203,0
Jordan,-1.861009527190549,0
Poland,0.8482864691955824,0
Iraq,2.2353122750107404,0
Iran,-1.262240351940917,0
Indonesia,6.334377932901951,0
Albania,-1.3728122882861833,0
Andorra,-0.2862242533741372,0
Angola,5.144600338367291,0
Armenia,-0.9799872865400524,0
Bahrain,3.0993041328066493,0
Belarus,1.9607873116886232,0
Bosnia and Herzegovina,0.8256557998645373,0
Botswana,-3.212530848424576,0
Bulgaria,1.5396182280883477,0
Burundi,-3.12590286334984,0
Madagascar,-0.8282313296530048,0
Cape Verde,1.0030134059466105,0
Afghanistan,0.9084364429267412,0
Equatorial Guinea,0.3468986765070097,1
Eritrea,0.0658883527473606,0
Finland,-4.982898602997059,0
France,1.2917170134033698,0
Germany,0.5341733120194476,0
Ghana,2.8306479784628107,0
Guinea,0.6261739854784981,0
Guinea-Bissau,1.032783575832959,0
Vatican City,-1.071608283997072,0
Hungary,-2.40940060899002,0
Iceland,-1.816672298403545,0
Chad,-2.898546781348694,0
Turkey,2.7359876774455034,0
Myanmar,0.5445656800793223,0
Mozambique,-2.4406250397033795,0
Mauritius,-0.6284241816910185,0
Kuwait,-0.0388064728880981,0
Malta,-0.8027432725825733,0
Mali,-2.830806313071872,0
Malawi,-0.3361155182235305,0
Thailand,1.888308268353125,0
Nigeria,-0.2939238265844454,0
Mauritania,-0.269559924207558,0
Oman,0.6298528539943598,0
Sudan,-0.2129974437644535,0
Russia,-2.2009766603081244,0
Senegal,-2.5624909368888864,0
Slovenia,-0.0710413705935719,0
South Africa,3.5590574496424776,0
Tanzania,-3.407762085039403,0
Vietnam,2.784955042829139,0
Ukraine,1.0680266375675758,0
United Arab Emirates,1.7100758570748231,0
Uzbekistan,0.4531452312609786,0
Zambia,-1.4133656992588306,0
Kenya,-3.90825054722193,0
Poland,-3.681909675011066,0
Jordan,0.2901695980260139,0
Iraq,-0.5663391829065779,0
Afghanistan,-4.855864628562215,0
Iran,-5.3806043857224815,0
Albania,-2.093669379794244,0
Andorra,-5.120800399249374,0
Angola,-0.4945659560346545,0
Armenia,-2.267247288758809,0
Bahrain,-4.93866941563226,0
Belarus,-4.188967415719588,0
Botswana,3.87939028793646,0
Bulgaria,0.1575883779456981,0
Burundi,-0.1025832708101499,0
Madagascar,0.4298533764316056,0
Cape Verde,3.781906993579054,0
Bosnia and Herzegovina,1.3987398022695072,0
Equatorial Guinea,2.036719215502507,1
Chad,-0.6150309303985116,0
Iceland,-0.7118649990803614,0
Hungary,-1.213900070574975,0
Vatican City,-3.2175015820100485,0
Guinea-Bissau,-0.7825064794239284,0
Guinea,-4.268011876821963,0
Indonesia,-0.2029137318753738,0
Germany,-1.7401735067230528,0
France,-4.495805288154302,0
Finland,0.1142929809691039,0
Eritrea,3.215013002471943,0
Ghana,2.652138148243325,0
Myanmar,5.879388940065759,0
Mozambique,2.554829106297846,0
Mauritius,-1.5120936295776854,0
Mauritania,-0.2760094495377311,0
Malta,0.7451968721562235,0
Thailand,-1.2144033197562698,0
Malawi,5.495557455212207,0
Kuwait,-1.4741862049374097,0
Kenya,-1.2767423002980431,0
Jordan,-0.954951806556445,0
Mali,-4.471528539140874,0
Turkey,0.4025721718160586,0
Iraq,-4.7087270532726055,0
Oman,2.1740586991381585,0
Poland,8.49713979875211,0
Russia,-1.9384216163471248,0
Senegal,-1.2094249683321296,0
Slovenia,1.875529492539648,0
South Africa,0.8993206595113657,0
Sudan,-0.7298695421116937,0
Tanzania,0.385302346519764,0
Vietnam,-0.0397539750523828,0
Ukraine,1.3003830478615668,0
United Arab Emirates,-2.4602323074213936,0
Uzbekistan,1.1495924322074105,0
Nigeria,0.4747772729277884,0
Zambia,11.461298355182262,0
Iran,-0.1340257563103656,0
Iceland,2.2304912677770896,0
Afghanistan,-0.3604880080109749,0
Albania,-1.4536971200244957,0
Andorra,-0.2307466864359826,0
Angola,-0.7953105425738012,0
Armenia,-1.5367720837881245,0
Bahrain,-6.635172913538534,0
Belarus,-3.148578406129233,0
Bosnia and Herzegovina,0.3187800068593115,0
Botswana,-1.855610954766818,0
Bulgaria,-0.7018710780074533,0
Burundi,0.1554492042638048,0
Madagascar,-1.2918583040886251,0
Indonesia,-0.4964497462437941,0
Chad,0.258677285654406,0
Equatorial Guinea,-18.16576856575071,1
Eritrea,-1.333496349145207,0
Finland,4.715683261331585,0
France,0.6294446867797596,0
Germany,-0.2243077973527283,0
Ghana,-8.612072369671754,0
Guinea,7.175144307261306,0
Guinea-Bissau,-5.039918177662541,0
Vatican City,-11.379105391711876,0
Hungary,-0.7680658544078812,0
Cape Verde,7.110881841716601,0
Myanmar,2.573965782626542,0
Mozambique,3.2166745063928195,0
Mauritius,-11.201063904134717,0
Mauritania,-0.0389068000672968,0
Kenya,-0.6737445686561352,0
Malawi,-1.7539149291951466,0
Thailand,-4.242261326458624,0
Kuwait,-2.052188626350774,0
Turkey,-1.648985617989954,0
Mali,-3.0480886018829376,0
Nigeria,0.8828738399460331,0
South Africa,-0.4956453132881447,0
Poland,-0.4108955802343403,0
Russia,-0.4438906919477353,0
Senegal,2.483107556069297,0
Slovenia,-4.50531617887526,0
Jordan,-0.6242364855501428,0
Sudan,-5.890112330720251,0
Tanzania,0.1381866436822993,0
Vietnam,-0.7076863125936989,0
Ukraine,-0.3956704304378876,0
United Arab Emirates,-0.2694763083626875,0
Uzbekistan,1.7736309407338298,0
Zambia,-1.0462541501879927,0
Oman,4.305958077190626,0
Iran,0.1916122062057678,0
Malta,1.0637900531948783,0
Iraq,-3.312515884652491,0
Indonesia,-0.2163524433750627,0
Afghanistan,0.4232674217316946,0
Albania,0.8842763990818201,0
Andorra,1.5989339337379131,0
Angola,-1.1788312622908397,0
Armenia,-0.8174970330987319,0
Bahrain,0.99304096836539,0
Bosnia and Herzegovina,-0.4026904383783664,0
Botswana,0.470051095898609,0
Bulgaria,1.7394698306241538,0
Burundi,0.1194256833742673,0
Madagascar,-1.6442257902642892,0
Belarus,2.688052191187541,0
Chad,0.4947080502408202,0
Cape Verde,4.298484951221927,0
Hungary,-3.793703296051832,0
Vatican City,-1.652807878035338,0
Guinea-Bissau,0.9468542088363402,0
Guinea,0.0510808560101373,0
Ghana,2.447708700498501,0
Iceland,-1.744392512949285,0
France,5.948397646020239,0
Finland,0.6166429418864856,0
Eritrea,-1.6023937836040534,0
Equatorial Guinea,0.43147362181778187,1
Germany,-1.3564191922388396,0
Myanmar,0.2544872071728886,0
Mozambique,9.165112618951802,0
Mauritius,-0.0871065586910075,0
Mauritania,-0.1781456207340194,0
Malta,-0.5727334388704565,0
Thailand,-2.0681048427799475,0
Malawi,-0.2008952066231088,0
Kuwait,-5.270876597590361,0
Kenya,-2.8481765667287786,0
Jordan,-1.002376813786878,0
Mali,-1.5171850978900063,0
Turkey,-4.614767499634176,0
Iraq,-3.701631641528441,0
Oman,-0.3620509150449857,0
Poland,2.657938157068662,0
Russia,0.7659557166913245,0
Senegal,1.8571338573816627,0
Slovenia,0.6761633668191587,0
South Africa,-1.3780784048295178,0
Sudan,0.2443118118544401,0
Tanzania,4.681076273113269,0
Vietnam,-3.0437073456547434,0
Ukraine,-0.4713034953778829,0
United Arab Emirates,0.3774372330545422,0
Uzbekistan,-1.64307882549679,0
Nigeria,0.9360245595575878,0
Zambia,-9.33649319427479,0
Iran,-3.089771831864744,0
Iceland,-2.1791637300097597,0
Afghanistan,-0.5807277838295908,0
Albania,-1.0565732326703494,0
Andorra,-0.1931098087255139,0
Angola,-1.7775127072578518,0
Armenia,-0.1969378518280378,0
Bahrain,-0.593814947114268,0
Belarus,-0.5762087574743927,0
Bosnia and Herzegovina,0.3491760308159629,0
Botswana,-2.4309478896575154,0
Bulgaria,0.5559562150631089,0
Burundi,-3.106319349532713,0
Madagascar,2.7517833843609734,0
Indonesia,-1.431230129816086,0
Chad,-0.7917176603112233,0
Equatorial Guinea,-1.0419194670712841,1
Eritrea,-0.7203515796668946,0
Finland,-0.0593131953966046,0
France,1.6563022090937207,0
Germany,-0.3275247138647446,0
Ghana,-0.5349316190469529,0
Guinea,0.7647076530262912,0
Guinea-Bissau,-7.680631035803103,0
Vatican City,0.5916208481636103,0
Hungary,0.0849123364282748,0
Cape Verde,-1.1142467380500845,0
Mozambique,3.694869655647208,0
Mauritius,0.4075370298025494,0
Mauritania,1.356507842752523,0
Malta,1.8312029579250289,0
Jordan,1.1333395893623233,0
Malawi,-1.8522153215775767,0
Thailand,1.1103366853776162,0
Kuwait,-3.3923091146757844,0
Kenya,2.048246800333179,0
Myanmar,-3.1820706521146644,0
Mali,6.125954335597938,0
Turkey,2.1560534582250384,0
Slovenia,0.6823705480499214,0
Oman,-1.332614016880349,0
Poland,0.1047896541887971,0
Russia,-1.587614834896667,0
Senegal,1.4062551710048672,0
South Africa,-0.1862634323827853,0
Sudan,0.8428258980517116,0
Tanzania,-1.1537313811356835,0
Vietnam,0.6331710995538717,0
Ukraine,0.5204014059328328,0
United Arab Emirates,-0.5486844965222192,0
Iraq,-0.0254319062941774,0
Zambia,-0.0112282431811081,0
Nigeria,3.518040829601389,0
Uzbekistan,-0.0944871118084459,0
Iran,1.6142537366080865,0
Iceland,0.4676023442285274,0
Indonesia,-3.061547058626768,0
Afghanistan,-2.459612489737053,0
Albania,-4.4703375918836885,0
Andorra,-0.2601580398139419,0
Angola,-4.224203645140525,0
Armenia,-0.348208411457649,0
Bahrain,1.151663748764256,0
Bosnia and Herzegovina,-1.2543188811026265,0
Botswana,-0.7859484290351216,0
Bulgaria,0.9138902784560654,0
Burundi,1.5327131710054411,0
Madagascar,1.2041628265220854,0
Belarus,-4.696766619019382,0
Chad,-3.681137658121483,0
Cape Verde,0.3392015866770295,0
Vatican City,-0.4307596460321187,0
Guinea-Bissau,1.0881119176882268,0
Guinea,-0.9240082668165585,0
Ghana,-0.0373943140715016,0
Hungary,-0.1579706809276591,0
France,-4.207147671328322,0
Finland,0.8336418487078341,0
Eritrea,1.2338858440894702,0
Equatorial Guinea,3.6117816956300075,1
Germany,-1.586340211775852,0
Myanmar,-0.0465006142630974,0
Mozambique,1.8769971205423792,0
Mauritius,-0.6655173610446004,0
Mauritania,0.4301984379028739,0
Malta,0.0761524957997691,0
Malawi,1.1352199246235328,0
Thailand,2.1894912442134027,0
Kuwait,-2.7945326432242723,0
Kenya,2.745478795531938,0
Turkey,0.6792401067482153,0
Mali,-0.923304271112191,0
Nigeria,4.7371237025349,0
Jordan,-2.7377184927450373,0
Poland,-0.5949129863045759,0
Russia,1.57441398506064,0
Senegal,0.6714049762901321,0
Slovenia,-1.9721856343431916,0
South Africa,4.424154188142383,0
Sudan,-2.4535331801188205,0
Tanzania,1.2696712903204364,0
Vietnam,-0.4201274016464847,0
Ukraine,0.1840618704856048,0
United Arab Emirates,6.690669342698915,0
Uzbekistan,1.35438889040835,0
Oman,-0.4566204443381495,0
Iraq,0.7697067691898591,0
Zambia,1.2406699139697497,0
Indonesia,1.202661520718297,0
Afghanistan,-5.245822762025887,0
Albania,-0.4836568696541814,0
Andorra,0.4355286027383011,0
Angola,-0.2583198935483675,0
Armenia,-1.1581880530718638,0
Bahrain,-8.764104291117114,0
Belarus,3.1608396981000726,0
Bosnia and Herzegovina,-0.1600246900003843,0
Botswana,-2.2541411947969503,0
Bulgaria,0.2579181103333572,0
Burundi,-7.814803014274478,0
Madagascar,-0.0019305443873694,0
Iran,6.099047406969751,0
Chad,2.073510407010882,0
Iceland,1.5375652353458995,0
Hungary,-1.6804161366729349,0
Vatican City,-1.191259216205685,0
Cape Verde,-3.0056561781564963,0
Guinea,-1.7089722784151464,0
Guinea-Bissau,-1.6291005562148668,0
Germany,3.357483755049347,0
France,-3.4703836871678173,0
Finland,-2.6750898431458547,0
Eritrea,3.362557519614117,0
Equatorial Guinea,0.8991911425314243,1
Ghana,-6.076577197541666,0
Myanmar,-5.446984811870897,0
Mozambique,4.242156278410102,0
Mauritius,1.1194623991440422,0
Mauritania,-1.130588259760429,0
Kenya,0.6417917085948422,0
Mali,-2.922532249193772,0
Malawi,-0.5557685591858069,0
Thailand,1.339812387313327,0
Kuwait,1.718558106427649,0
Turkey,1.686918493944408,0
Malta,-0.6988109087814875,0
Nigeria,-2.154013426719067,0
Sudan,-3.9625834819301216,0
Poland,2.4172317664765632,0
Russia,-11.556229185836962,0
Senegal,-5.330829199033418,0
Slovenia,8.55542322463704,0
South Africa,-0.1817701607311675,0
Tanzania,-1.1191906332050188,0
Vietnam,-0.1693507860055086,0
Ukraine,0.4389079657822195,0
United Arab Emirates,-0.0293657046106729,0
Uzbekistan,-8.723732608792263,0
Zambia,-0.8253108055214416,0
Jordan,-0.0249115572479219,0
Oman,0.8875820519669202,0
Iraq,3.501179223383481,0
Iran,-2.4238004144370997,0
Indonesia,1.2272329137155262,0
Afghanistan,-2.736005362898561,0
Albania,-5.168083992696826,0
Andorra,1.0387989764566026,0
Angola,-0.5180318457925329,0
Armenia,-3.361582742890279,0
Bahrain,-0.0861743240655058,0
Belarus,-1.2682609604499395,0
Botswana,-1.565902555324292,0
Bulgaria,0.5073433081312866,0
Burundi,3.368939478012987,0
Madagascar,-0.6840697252677237,0
Cape Verde,-0.6591422352212148,0
Bosnia and Herzegovina,-4.830949036173599,0
Equatorial Guinea,-1.276505465585829,1
Chad,-0.7374028259560097,0
Hungary,-0.9228747797642332,0
Vatican City,-1.130246919512506,0
Guinea-Bissau,-0.8853647522671817,0
Guinea,-3.4023760387488675,0
Iceland,4.548944739275923,0
Germany,1.4081356469374495,0
France,-5.121873635524468,0
Finland,-0.2702567761338686,0
Eritrea,2.2890300108073984,0
Ghana,-2.3266640582761213,0
Myanmar,1.122741775461447,0
Mozambique,-2.907041213866953,0
Mauritius,-2.615883667480148,0
Mauritania,5.252326970628371,0
Malta,-3.8893905622136686,0
Malawi,-0.4647353697207391,0
Thailand,-0.5420574468197541,0
Kuwait,-0.7049702149388135,0
Kenya,0.6566335330484673,0
Turkey,-1.122565073393926,0
Mali,-4.443924267105039,0
Nigeria,-0.8981905400181313,0
Zambia,1.3086698955689828,0
Poland,-3.301286114892106,0
Russia,-7.219257803523863,0
Senegal,-1.5755216363544875,0
Slovenia,-2.484198712383272,0
South Africa,-4.292508564638705,0
Sudan,-1.852696320132854,0
Tanzania,-0.5661974741028284,0
Vietnam,1.2468456323837065,0
Ukraine,-5.0380823400712655,0
United Arab Emirates,-0.7195826006219666,0
Uzbekistan,-5.518099420345845,0
Jordan,-0.4948575828702723,0
Oman,-0.2577904074172948,0
Iraq,-1.5480534226185665,0
Iran,2.20311722370123,0
Indonesia,0.343254961292031,0
Albania,-2.4080548419741445,0
Andorra,3.91619355820682,0
Angola,1.1582897303966335,0
Armenia,-2.341258470793641,0
Bahrain,-1.0961991348906373,0
Belarus,1.1579910006739285,0
Bosnia and Herzegovina,-1.5826783625570306,0
Botswana,0.1406260490622834,0
Bulgaria,-4.275547302220203,0
Burundi,-14.837423106636887,0
Madagascar,-11.672265690458463,0
Cape Verde,-5.364535310494887,0
Afghanistan,-1.7984451711970637,0
Equatorial Guinea,-4.42426894721787,1
Eritrea,0.3792624187676554,0
Finland,-2.084069326838628,0
France,1.3111091874924816,0
Germany,0.1438801045510379,0
Ghana,-1.375763635825323,0
Guinea,-0.9036782281894004,0
Guinea-Bissau,-3.916230567827653,0
Vatican City,-2.102149159239397,0
Hungary,-12.950550137622209,0
Iceland,-0.8475911195937219,0
Chad,-3.580396105229653,0
Turkey,-4.248215899572626,0
Myanmar,1.3919045193166548,0
Mozambique,1.6996447368127878,0
Mauritius,0.3663305794245671,0
Kuwait,0.7460681551069984,0
Malta,6.005117195147359,0
Mali,-0.3843061461490638,0
Malawi,-2.449158058905401,0
Thailand,1.0061320765669493,0
Nigeria,0.8272975029112001,0
Mauritania,11.963698619574394,0
Oman,-0.2497988520873532,0
Sudan,-1.2797419660980052,0
Russia,0.2904589175547079,0
Senegal,0.8465739465822473,0
Slovenia,6.084940791922046,0
South Africa,1.7880436961462465,0
Tanzania,14.327477901338534,0
Vietnam,-1.059967367556999,0
Ukraine,-1.1211267894080494,0
United Arab Emirates,0.9916034839258712,0
Uzbekistan,0.2631907160040999,0
Zambia,2.076776668614589,0
Kenya,0.1769605792234559,0
Poland,-1.811692810302263,0
Jordan,-0.2981334192243575,0
Iraq,-11.114521066670475,0
Afghanistan,-2.4058533726063613,0
Iran,-0.6053456165919651,0
Albania,-1.7605086469663718,0
Andorra,-2.73853187127517,0
Angola,0.4696795017034532,0
Armenia,-5.738949863451023,0
Bahrain,0.6540308890899788,0
Belarus,-4.104705321281394,0
Botswana,-1.6464054337645764,0
Bulgaria,-2.95358032632051,0
Burundi,1.1406404953604257,0
Madagascar,1.507715606340608,0
Cape Verde,1.991465670077834,0
Bosnia and Herzegovina,-2.783878670430693,0
Equatorial Guinea,2.323557287703286,1
Chad,1.8979271867025065,0
Iceland,-4.147720862368313,0
Hungary,4.536349334603064,0
Vatican City,0.1661339898009654,0
Guinea-Bissau,-1.1291236442302055,0
Guinea,0.997441307499886,0
Indonesia,0.9306967956541644,0
Germany,0.4537984799752833,0
France,-0.105807186872125,0
Finland,0.9523057994883908,0
Eritrea,-0.3925257101642324,0
Ghana,0.1386095135856537,0
Turkey,-0.0086240020705429,0
Myanmar,-0.3655230570797285,0
Mozambique,0.2245827333048911,0
Mauritius,-1.245965491434161,0
Mauritania,-2.615630048207451,0
Malawi,-0.3381757812793522,0
Mali,-4.875675778010318,0
Thailand,-2.3568514828369063,0
Kuwait,0.4064383111464339,0
Kenya,-0.744959113262181,0
Malta,-2.454078701303232,0
Nigeria,2.2963445855495648,0
Jordan,-2.63752390713703,0
Poland,1.685644371003787,0
Russia,-2.3575218869402894,0
Senegal,1.0800932828427017,0
Slovenia,-1.5567774819398394,0
South Africa,-0.768591091030661,0
Sudan,0.8282840745816069,0
Tanzania,2.583748577639836,0
Vietnam,-6.915731464866767,0
Ukraine,-2.978117491252495,0
United Arab Emirates,-2.057380904798056,0
Uzbekistan,-1.5608731724370286,0
Zambia,1.3771562767407075,0
Oman,-1.1179857828932631,0
Iraq,-1.0001694455032863,0
Iran,-0.4357498109205352,0
Indonesia,0.0289998778113696,0
Albania,0.909200198696497,0
Andorra,-2.451225872515878,0
Angola,0.0273590728605149,0
Armenia,1.961756004879068,0
Bahrain,-2.883290820556714,0
Belarus,0.4629839560442657,0
Bosnia and Herzegovina,-6.701870431030905,0
Botswana,0.2860675148887613,0
Bulgaria,-0.2386653823453912,0
Burundi,6.348620853770765,0
Madagascar,-0.4661813010464667,0
Cape Verde,-0.5054539030277223,0
Afghanistan,1.0293721092438912,0
Equatorial Guinea,-0.5466998836027113,1
Eritrea,-5.707151563401637,0
Finland,-0.8132162311085035,0
France,-0.3741032429067999,0
Germany,-14.148642430962258,0
Ghana,2.307288337407318,0
Guinea,-0.5620578716437378,0
Guinea-Bissau,0.9564596127618584,0
Vatican City,-0.0794018449609413,0
Hungary,-7.641714773296968,0
Iceland,-0.8099271143537325,0
Chad,-1.7821427655819186,0
Turkey,1.024816119856616,0
Myanmar,-0.0832237945287527,0
Mozambique,-1.0036742180691167,0
Mauritius,-2.4797637497193223,0
Kuwait,0.8764250917464882,0
Malta,0.7077378795967487,0
Mali,-3.5202623515017555,0
Malawi,0.1723236993425803,0
Thailand,-3.226284957029127,0
Nigeria,0.3118827685778464,0
Mauritania,-4.111494746612473,0
Oman,2.782707820838288,0
Sudan,-0.0306035262379763,0
Russia,-4.8017324899071685,0
Senegal,-0.4213042538729694,0
Slovenia,-3.606595907641093,0
South Africa,5.612356300898785,0
Tanzania,1.395302641141312,0
Vietnam,1.0888061725288916,0
Ukraine,0.2945503871755671,0
United Arab Emirates,0.3883651970133561,0
Uzbekistan,-0.7564640659088069,0
Zambia,0.8320245980322117,0
Kenya,0.8110699060419844,0
Poland,0.1717849422842166,0
Jordan,0.4886238706122061,0
Iraq,2.1439414073137426,0
Afghanistan,3.232363827196451,0
Iran,-0.4468930517978894,0
Albania,0.4076485009649155,0
Andorra,-1.286897740575128,0
Angola,-5.969723060636775,0
Armenia,-0.0860361575976703,0
Bahrain,2.7964463962467714,0
Belarus,-4.024892307456377,0
Botswana,3.340402762074668,0
Bulgaria,-1.673461184521707,0
Burundi,1.3230928390576535,0
Madagascar,-4.161413325774832,0
Cape Verde,-1.7714772058148915,0
Bosnia and Herzegovina,-0.052550867701348,0
Equatorial Guinea,0.660646569789456,1
Chad,4.912234095205941,0
Iceland,-1.945723429692575,0
Hungary,-1.461474512562864,0
Vatican City,1.4611260164253226,0
Guinea-Bissau,1.4435800641748302,0
Guinea,1.9674513339487705,0
Indonesia,-0.9576217636353784,0
Germany,-1.5110303087326402,0
France,-0.169895605212499,0
Finland,0.5734437804570087,0
Eritrea,1.1086603512409183,0
Ghana,0.0166924961641943,0
Turkey,1.3407422923816956,0
Myanmar,-2.352442472839668,0
Mozambique,2.621946096888091,0
Mauritius,-0.8953264340946437,0
Mauritania,-0.0504126671066906,0
Malawi,-1.6495583481691871,0
Mali,0.2499241573189771,0
Thailand,0.5679807813094305,0
Kuwait,2.236127578181458,0
Kenya,-2.7617263856008005,0
Malta,1.9518437256956895,0
Nigeria,2.6232332230713022,0
Jordan,-9.662821496635251,0
Poland,-2.357369800583492,0
Russia,1.995558329660328,0
Senegal,-1.280374455101048,0
Slovenia,1.0518003484407357,0
South Africa,3.884016595754016,0
Sudan,2.062171534870951,0
Tanzania,-1.2912591078457218,0
Vietnam,-2.3738925433323903,0
Ukraine,1.0066830300151772,0
United Arab Emirates,-2.936452668050745,0
Uzbekistan,0.8450552746942526,0
Zambia,-5.529887323855323,0
Oman,-3.859853720394028,0
Iraq,4.965455969789025,0
Iran,-0.9665576657332824,0
Indonesia,-1.869456687733536,0
Afghanistan,-0.118643971373382,0
Albania,-0.4631641017501596,0
Andorra,1.3012678622225344,0
Angola,-0.0502038048460547,0
Armenia,1.667779768869936,0
Bahrain,-2.5577160506214525,0
Belarus,4.235650808679259,0
Botswana,-1.53177701589422,0
Bulgaria,2.6352449862952767,0
Burundi,-4.353574367649607,0
Madagascar,1.3529910924509687,0
Cape Verde,-3.204884961422931,0
Bosnia and Herzegovina,-1.076386992122523,0
Equatorial Guinea,1.7866837520193783,1
Chad,-1.5081190719755249,0
Hungary,-0.1626846552499687,0
Vatican City,1.7296536173138453,0
Guinea-Bissau,0.1503890429427924,0
Guinea,0.6100743637394366,0
Iceland,-0.9159937322830932,0
Germany,8.05657358385461,0
France,-0.2141758538585777,0
Finland,-0.7605779549711462,0
Eritrea,-1.7130040632108787,0
Ghana,-0.3470112104920251,0
Myanmar,0.11290376950851,0
Mozambique,-1.3461194273270756,0
Mauritius,1.076545251759086,0
Mauritania,0.3334312647486455,0
Malta,-5.755285506453953,0
Malawi,0.4365776829832301,0
Thailand,1.104417468510734,0
Kuwait,-3.496894430818166,0
Kenya,1.979101707985615,0
Turkey,2.9703228046738364,0
Mali,3.549563525503447,0
Nigeria,1.4475414959222244,0
Zambia,-1.8274284960746847,0
Poland,-0.8737063083232158,0
Russia,3.0164715333794594,0
Senegal,-0.5129622441073414,0
Slovenia,0.0315213459876752,0
South Africa,5.18633119354822,0
Sudan,0.9112368716054908,0
Tanzania,0.3777019599349249,0
Vietnam,-0.0261365715182255,0
Ukraine,2.070384565263452,0
United Arab Emirates,1.6711964435274382,0
Uzbekistan,-1.488693668236026,0
Jordan,0.1812832793339831,0
Oman,-0.8582637606738627,0
Iraq,-0.8549579018228727,0
Iran,1.6412656658805282,0
Indonesia,0.6055231261509944,0
Albania,-2.6847469697028434,0
Andorra,0.2637746310229574,0
Angola,-4.289324328179341,0
Armenia,-6.897978599189073,0
Bahrain,-1.0167957046565614,0
Belarus,-4.569757446074665,0
Bosnia and Herzegovina,-1.3847126946817765,0
Botswana,-3.774833118154947,0
Bulgaria,4.454867311774424,0
Burundi,-2.023284066408046,0
Madagascar,1.5419765444535145,0
Cape Verde,1.1620509654600857,0
Afghanistan,-3.755571470151725,0
Equatorial Guinea,9.080405432848583,1
Eritrea,6.052149913218842,0
Finland,-6.010672548021824,0
France,-0.7082508113537205,0
Germany,-0.9212593790735282,0
Ghana,0.3454343205550126,0
Guinea,-2.8402298612127144,0
Guinea-Bissau,2.07070666777804,0
Vatican City,-0.8639015084069109,0
Hungary,-5.186691157169876,0
Iceland,1.4556506839863137,0
Chad,1.9967845346309807,0
Myanmar,-1.7761529684092354,0
Mozambique,4.22546793795966,0
Mauritius,0.2938587175156283,0
Mauritania,-4.273235943928089,0
Kenya,-0.6212775225842386,0
Mali,-3.6071131717924105,0
Malawi,0.0157324729725413,0
Thailand,-4.850016217947058,0
Kuwait,2.0510244415072174,0
Turkey,-1.8778901448857448,0
Malta,-1.6392023026198268,0
Zambia,-4.690285037383054,0
South Africa,2.467176154362486,0
Poland,0.3268191075930861,0
Russia,0.9121851964161546,0
Senegal,1.5784768105658644,0
Slovenia,-1.1035631159751218,0
Sudan,-2.123598539833796,0
Tanzania,-1.940637953403553,0
Vietnam,-1.0633670968329847,0
Ukraine,0.261179402325331,0
United Arab Emirates,1.7166029076585616,0
Uzbekistan,-0.3454575818985354,0
Jordan,0.3461757598086142,0
Oman,2.135290262414316,0
Iraq,-1.6299292826850356,0
Nigeria,-0.0219275623907506,0
Indonesia,-0.2196846487975135,0
Afghanistan,14.339525819025736,0
Albania,-0.303240014930367,0
Andorra,-0.6182010673196244,0
Angola,-2.777319412414629,0
Armenia,-0.9624408893092722,0
Bahrain,0.7196259370774787,0
Belarus,0.1215655841689078,0
Bosnia and Herzegovina,-2.009820883650522,0
Botswana,-2.27816703970748,0
Bulgaria,-0.3519629271603333,0
Burundi,-2.110684013023824,0
Madagascar,-0.2936999408249532,0
Iran,-0.7752589032752972,0
Chad,1.1277291743633038,0
Iceland,1.4129854717559858,0
Hungary,1.0672309453289974,0
Vatican City,-1.1295741291427464,0
Cape Verde,-2.140875791848888,0
Guinea,2.8664740961662853,0
Guinea-Bissau,0.9566151517845082,0
Germany,2.3732895041185,0
France,2.78570396574572,0
Finland,-1.9911272937523263,0
Eritrea,1.9183857933173096,0
Equatorial Guinea,1.254574760280359,1
Ghana,10.072210199149552,0
Myanmar,-0.6780383362610981,0
Mozambique,-0.8362382598706911,0
Mauritius,-1.8174112565871248,0
Mauritania,0.904696337156025,0
Kenya,-0.6812569789509695,0
Mali,0.3994497920643248,0
Malawi,-1.4148961267039195,0
Thailand,0.3061195295951909,0
Kuwait,2.459652977297429,0
Turkey,-4.096882437622826,0
Malta,0.9817424229635358,0
Nigeria,-0.1536638209445233,0
Sudan,-1.0789681853085864,0
Poland,0.9171816396988096,0
Russia,0.1674190744859762,0
Senegal,3.235742124028716,0
Slovenia,3.1795829010717958,0
South Africa,-1.327030422913265,0
Tanzania,-1.232800035723633,0
Vietnam,1.1364217800611789,0
Ukraine,-2.507045940006355,0
United Arab Emirates,-0.4971700510546533,0
Uzbekistan,0.7070713284891073,0
Zambia,-1.0673659885173288,0
Jordan,1.303971226511688,0
Oman,-1.7080945375061334,0
Iraq,-2.0433740158345644,0
Iran,2.7643155801021866,0
Indonesia,-2.767173221711845,0
Afghanistan,0.1199080177724206,0
Albania,1.9265930636703392,0
Andorra,-6.517527761993975,0
Angola,-4.690914295718748,0
Armenia,-2.824347378439583,0
Bahrain,-0.2833203967060983,0
Belarus,4.748351612401996,0
Botswana,2.50984600374197,0
Bulgaria,-1.0435927395194662,0
Burundi,0.3888271798766428,0
Madagascar,2.626991212592046,0
Cape Verde,8.651780927538447,0
Bosnia and Herzegovina,-0.1375874249472446,0
Equatorial Guinea,1.3532581472409682,1
Chad,4.559084752292264,0
Hungary,0.5150722279837554,0
Vatican City,-2.596735737430334,0
Guinea-Bissau,1.676212368465242,0
Guinea,2.261812592325401,0
Iceland,1.1227168039883615,0
Germany,1.4227350889431818,0
France,-0.2184113248853108,0
Finland,-0.8294231351741558,0
Eritrea,0.5474868611652257,0
Ghana,2.918710653243463,0
Myanmar,1.1424252140749656,0
Mozambique,-4.037196700781815,0
Mauritius,-0.5520793815038766,0
Mauritania,-0.7458306148553173,0
Malta,-1.0461186407785643,0
Malawi,0.653525456983956,0
Thailand,0.2787087838185466,0
Kuwait,-0.3009723700718087,0
Kenya,1.5935025918776045,0
Turkey,-0.6166560809080389,0
Mali,-3.186716986031301,0
Nigeria,-0.8697238114374108,0
Zambia,-0.1867914529020541,0
Poland,1.61542080370515,0
Russia,-1.427107142928521,0
Senegal,1.1328717957131214,0
Slovenia,0.1917878213762181,0
South Africa,-1.606885793164839,0
Sudan,1.0701551147580537,0
Tanzania,-1.1855630076722594,0
Vietnam,-2.3206861305594693,0
Ukraine,-0.9961037524041207,0
United Arab Emirates,-0.9916475836689508,0
Uzbekistan,-1.6129366520340078,0
Jordan,-3.6886387355747514,0
Oman,0.993043647618472,0
Iraq,2.6242793880569013,0
Iran,-1.072578573684725,0
Indonesia,2.201821590999039,0
Afghanistan,-3.317746139646513,0
Albania,-0.4996436042396998,0
Andorra,-2.274992555607977,0
Angola,1.0158499904425784,0
Armenia,1.1869732327555782,0
Bahrain,-7.0726586861154175,0
Belarus,-8.084362550180625,0
Botswana,-3.613801294658776,0
Bulgaria,0.2444658192750974,0
Burundi,1.7672441251575994,0
Madagascar,-1.4079632694029949,0
Cape Verde,-0.2068550416045967,0
Bosnia and Herzegovina,-0.0345535703911462,0
Equatorial Guinea,-0.9007504967515296,1
Chad,2.581630241082848,0
Hungary,0.4913040655083526,0
Vatican City,0.1559915472555157,0
Guinea-Bissau,-1.9826069885795183,0
Guinea,-0.7736689252997757,0
Iceland,-3.944374612108906,0
Germany,-0.0861460612029483,0
France,10.724203460798243,0
Finland,-0.553008531610009,0
Eritrea,-3.138491027167245,0
Ghana,-0.4054886058801866,0
Myanmar,0.9922796201352172,0
Mozambique,0.1670314614906858,0
Mauritius,-0.8777736739101173,0
Mauritania,-0.2386097729804321,0
Malta,1.4007138431560002,0
Malawi,2.4581494813657456,0
Thailand,-0.4188045139873089,0
Kuwait,-1.837451560622747,0
Kenya,0.1654456030774727,0
Turkey,3.142535236934324,0
Mali,2.798940354459643,0
Nigeria,3.621912300148556,0
Zambia,-3.0248785318493545,0
Poland,0.1292770873017832,0
Russia,-0.2613512352282691,0
Senegal,0.1411060818128013,0
Slovenia,-1.1583494331510555,0
South Africa,0.977649537940094,0
Sudan,0.9064339735200913,0
Tanzania,3.773826822594484,0
Vietnam,-9.123933495126572,0
Ukraine,-2.21304905940382,0
United Arab Emirates,0.1089045127082034,0
Uzbekistan,2.943726263001202,0
Jordan,0.4642240484592401,0
Oman,1.1071045125227728,0
Iraq,-1.6346515080412471,0
Iran,2.4399669352820954,0
Indonesia,3.273982873686694,0
Albania,3.748751703045448,0
Andorra,-0.5259485710909445,0
Angola,0.4401512528308522,0
Armenia,-1.843547772379631,0
Bahrain,-0.6934003033429265,0
Belarus,-0.6977486468144392,0
Bosnia and Herzegovina,-0.7768895076872566,0
Botswana,1.188757584222605,0
Bulgaria,1.847419995608472,0
Burundi,-0.0756693702961538,0
Madagascar,-0.0409510037017348,0
Cape Verde,-4.77536190804461,0
Afghanistan,-2.7712261261594366,0
Equatorial Guinea,1.3728409394368954,1
Eritrea,0.0550860028504341,0
Finland,-1.504215057612351,0
France,-0.8383777823335006,0
Germany,4.94496366301531,0
Ghana,-7.605632861826765,0
Guinea,0.5059651562856998,0
Guinea-Bissau,6.020705598224103,0
Vatican City,-1.0789563453292366,0
Hungary,-3.280525330785512,0
Iceland,-6.357358773367404,0
Chad,-2.1834613566777428,0
Myanmar,0.3605621401603301,0
Mozambique,1.2509914120963987,0
Mauritius,3.4121276903476296,0
Mauritania,3.162876116415448,0
Kenya,-2.0657832040342976,0
Mali,0.4354937135488706,0
Malawi,-1.5050711433614952,0
Thailand,-2.1777727049869293,0
Kuwait,-7.211542944594005,0
Turkey,-0.5935730497766136,0
Malta,-8.402828870612302,0
Zambia,2.421555835254473,0
South Africa,-0.1693799409035828,0
Poland,1.2375864664400789,0
Russia,-0.7001399357850433,0
Senegal,1.6384778005522718,0
Slovenia,3.4774871902646085,0
Sudan,0.081545368362394,0
Tanzania,-0.7295348765454207,0
Vietnam,-2.706523095428504,0
Ukraine,-0.3510743617926724,0
United Arab Emirates,0.592781671007589,0
Uzbekistan,-2.38128674922811,0
Jordan,-0.626539935896491,0
Oman,-0.0354697043090289,0
Iraq,0.2839332749107924,0
Nigeria,-6.34098443180734,0
Indonesia,0.6378203079844043,0
Afghanistan,-0.3313803731404524,0
Albania,2.506780617928188,0
Andorra,0.2282561573904187,0
Angola,-3.074102701724048,0
Armenia,-1.2587981671909607,0
Bahrain,1.1171262892159748,0
Belarus,0.403972984110502,0
Bosnia and Herzegovina,1.5789554883564312,0
Botswana,2.362829053977825,0
Bulgaria,5.129961283238027,0
Burundi,4.140582165091222,0
Madagascar,2.880765842890998,0
Iran,11.278326374798793,0
Chad,0.1127141488763746,0
Iceland,-5.106468644342984,0
Hungary,-0.549563282695765,0
Vatican City,5.552284222272027,0
Cape Verde,-0.0536966399575413,0
Guinea,1.007377863179879,0
Guinea-Bissau,0.0572390507724893,0
Germany,-2.266616342481779,0
France,-0.3582540301669386,0
Finland,0.81830915347144,0
Eritrea,-5.225092213958839,0
Equatorial Guinea,-1.7673058555127659,1
Ghana,-1.578827064148807,0
Myanmar,1.783063689597573,0
Mozambique,2.2598079378156237,0
Mauritius,-0.2277368778191446,0
Mauritania,3.2338252120396387,0
Kenya,2.604582262739557,0
Mali,0.5409703367300029,0
Malawi,-2.176650264894752,0
Thailand,7.673362635035022,0
Kuwait,-0.4375319907374186,0
Turkey,0.4411453339305154,0
Malta,2.9875067762166534,0
Nigeria,-9.936103797316408,0
Sudan,1.2514441457266956,0
Poland,5.020639920408445,0
Russia,-0.2142156976746402,0
Senegal,-1.9388594502399803,0
Slovenia,-0.6144774491918796,0
South Africa,-0.3026701863079339,0
Tanzania,-3.5977344157988957,0
Vietnam,5.021013002234119,0
Ukraine,0.1972564070470159,0
United Arab Emirates,0.0883732940491971,0
Uzbekistan,-0.5269601907919448,0
Zambia,8.161989504061207,0
Jordan,-0.6534528804693351,0
Oman,-4.099404777258102,0
Iraq,-2.0849106919455105,0
Iran,-3.364249213570224,0
Indonesia,-0.1629772140333849,0
Albania,1.8434180045861783,0
Andorra,0.0618033422112787,0
Angola,-0.8857001771816497,0
Armenia,1.0443544835423308,0
Bahrain,0.632747752137953,0
Belarus,1.0466496029690928,0
Bosnia and Herzegovina,0.9972011455785428,0
Botswana,-0.3281742931039212,0
Bulgaria,-1.4267531129547044,0
Burundi,1.5871501329578444,0
Madagascar,-1.2667614008635748,0
Cape Verde,5.032417524469814,0
Afghanistan,-12.971143925818016,0
Equatorial Guinea,0.16239939381053198,1
Eritrea,-1.7067146197147578,0
Finland,-1.500195009585244,0
France,-0.5196945912104747,0
Germany,-4.426010839786941,0
Ghana,3.3653089262574056,0
Guinea,0.5305569364319659,0
Guinea-Bissau,2.7947278632270907,0
Vatican City,-0.7295679019610609,0
Hungary,-8.195236998379439,0
Iceland,1.1978712297017482,0
Chad,-0.7937436404379157,0
Myanmar,1.3474922074515734,0
Mozambique,1.91649438615944,0
Mauritius,-0.1465002812872509,0
Mauritania,-0.2169616511331423,0
Kenya,0.0546449570669461,0
Mali,2.347291078464312,0
Malawi,-1.0112716117139602,0
Thailand,-1.5012177998689211,0
Kuwait,0.9666503157008176,0
Turkey,-5.605776161204934,0
Malta,0.0829698435845558,0
Zambia,-1.028281105600651,0
South Africa,0.9819198652218888,0
Poland,0.5193447682871386,0
Russia,-1.4550491313545368,0
Senegal,-1.0980730629376618,0
Slovenia,2.1976811146609507,0
Sudan,-0.768408641958421,0
Tanzania,1.455044369806786,0
Vietnam,1.7491357151975755,0
Ukraine,-0.9469283633773162,0
United Arab Emirates,-2.80001660472553,0
Uzbekistan,-0.4087406137328514,0
Jordan,0.3973668240584519,0
Oman,0.2854190841187159,0
Iraq,2.559987477434225,0
Nigeria,0.6817975216680552,0
Indonesia,0.5730999626391049,0
Afghanistan,0.734369811064719,0
Albania,1.4409218584059935,0
Andorra,2.4731906526484773,0
Angola,-7.713974994403474,0
Armenia,-2.4124969197693416,0
Bahrain,0.4598463569650424,0
Belarus,-1.2758070830282335,0
Botswana,-4.537282150797207,0
Bulgaria,0.3695088442285852,0
Burundi,-8.088193063943619,0
Madagascar,0.2050224418523137,0
Cape Verde,-1.4565010550167483,0
Bosnia and Herzegovina,-3.721018891689869,0
Equatorial Guinea,1.6914801386875262,1
Chad,0.3732484947579101,0
Hungary,1.23817241317405,0
Vatican City,-0.4425065161037768,0
Guinea-Bissau,-0.7010175914889165,0
Guinea,-0.2127296948117128,0
Iceland,-2.578947614574739,0
Germany,-0.2788141642087205,0
Ghana,0.1147958581802945,0
Eritrea,0.0568729502556864,0
Iran,-3.7568330267494265,0
France,-1.9339711624541205,0
Finland,2.794279012099324,0
Kenya,0.4182284802078215,0
Kuwait,-0.5335427733322642,0
Thailand,-5.6618046052156,0
Turkey,-1.9501139931261091,0
Mali,4.61201527963583,0
Malta,1.0184341028485555,0
Mauritania,3.7860683691823462,0
Mauritius,6.860703598298546,0
Mozambique,-6.129480472768865,0
Myanmar,-0.5236319341300713,0
Malawi,3.7637386184065353,0
Zambia,2.4267730980335767,0
Poland,-0.1024834106364127,0
Russia,1.397617485446049,0
Senegal,1.356284019002476,0
Slovenia,-0.0460582008856289,0
South Africa,6.253852627940307,0
Sudan,-0.9876708859058028,0
Tanzania,-0.6311351113280499,0
Vietnam,-0.8875098788788138,0
Ukraine,0.7005452935962935,0
United Arab Emirates,-1.9382288598952595,0
Uzbekistan,0.9892072021410394,0
Jordan,3.77409976735832,0
Oman,1.4140929194006675,0
Iraq,-0.9080802696082108,0
Nigeria,-1.1062475684672293,0
Indonesia,1.5325454224244446,0
Afghanistan,-1.167586496698118,0
Albania,-2.5937711495167517,0
Andorra,3.445165849727659,0
Angola,-2.907307097386688,0
Armenia,-4.616410838381451,0
Bahrain,1.4238286805577745,0
Belarus,-2.5494914788203107,0
Iran,1.580113043995607,0
Botswana,0.1787355902222308,0
Bulgaria,-2.4531598452105943,0
Burundi,1.8568887404291805,0
Madagascar,-2.209470157637814,0
Bosnia and Herzegovina,0.2935163233733996,0
Chad,-0.5692534056352971,0
Cape Verde,0.5212629510319401,0
Hungary,2.991448527025889,0
Vatican City,0.2700149950801574,0
Guinea-Bissau,0.930699948731522,0
Guinea,-0.2669067947473647,0
Iceland,0.4026467107745901,0
Germany,-0.1539522448330595,0
France,-0.6151030302707369,0
Finland,6.474501452872839,0
Eritrea,-0.2280989744285798,0
Equatorial Guinea,3.4908607007381316,1
Ghana,4.027557612947329,0
Mozambique,-0.6258137582508755,0
Mauritius,-2.873244917480235,0
Mauritania,-3.939352596517648,0
Malta,-0.1632930237087059,0
Thailand,0.628104902187502,0
Malawi,0.6334060893135802,0
Kuwait,-0.7455638670953939,0
Kenya,-2.276856097472857,0
Jordan,-5.049946638659882,0
Mali,-0.7000246736812288,0
Myanmar,0.2888777225962164,0
United Arab Emirates,-0.1062581882809095,0
Nigeria,-0.7249710994020215,0
Oman,0.0965879307639879,0
Poland,-0.3762940448712314,0
Russia,-0.4140039262258943,0
Senegal,-0.1507931474463247,0
Slovenia,-0.9976989131318,0
South Africa,0.622608144436653,0
Sudan,-3.195796915625521,0
Tanzania,-2.5692268400932354,0
Vietnam,-0.0116122520828291,0
Ukraine,-2.949730439778765,0
Iraq,2.507092518748089,0
Turkey,-3.9902959439643335,0
Iran,2.294027198784468,0
Chad,0.215403790567291,0
Iceland,0.7205709793448573,0
Uzbekistan,-0.3308716946069948,0
Afghanistan,3.9989424473725528,0
Albania,-1.3029806628179346,0
Andorra,0.2721219075273106,0
Angola,2.7818745102279463,0
Armenia,2.4071830480566696,0
Bahrain,-3.695404537350881,0
Belarus,-4.676950556976239,0
Bosnia and Herzegovina,-2.170672188459225,0
Botswana,2.8149159277221427,0
Bulgaria,-6.6378498534031385,0
Indonesia,7.034041041897957,0
Burundi,0.1935929610820943,0
Cape Verde,-1.0902098417593962,0
Equatorial Guinea,1.6356250990598156,1
Eritrea,-0.1901085356058453,0
Finland,1.8302822194693047,0
France,-2.711642551605373,0
Germany,0.5402206530406635,0
Ghana,0.4933427100250818,0
Guinea,0.7008927942728274,0
Guinea-Bissau,-3.311887467647547,0
Vatican City,-2.2259568294284584,0
Hungary,-1.5935581808379549,0
Madagascar,-2.814404204410946,0
Zambia,-0.2521007284246215,0
